,ID
0,748589
1,519035
2,246694
3,276686
4,555606
5,594385
6,579025
7,529283
8,564191
9,604699
10,548549
11,585423
12,551660
13,687191
14,728000
15,558229
16,564850
17,753112
18,687870
19,625483
20,591607
21,454291
22,541236
23,603098
24,631228
25,544478
26,732299
27,523865
28,585714
29,538275
30,594529
31,629250
32,579721
33,552621
34,552619
35,536909
36,420311
37,552617
38,566136
39,516342
40,592742
41,560742
42,593368
43,580142
44,567774
45,587018
46,518453
47,519134
48,545693
49,637104
50,569227
51,592805
52,595987
53,599760
54,589787
55,552978
56,558112
57,598917
58,586971
59,568586
60,615759
61,513780
62,588699
63,598540
64,591785
65,515592
66,601197
67,631526
68,562962
69,649920
70,348149
71,586113
72,318333
73,520396
74,746593
75,536456
76,509881
77,681211
78,489130
79,599367
80,639013
81,524930
82,669739
83,605139
84,400933
85,544921
86,738358
87,582251
88,570342
89,567317
90,557781
91,587500
92,602145
93,531015
94,544761
95,706212
96,712863
97,519615
98,616825
99,574148
100,545724
101,567575
102,608559
103,574156
104,236999
105,722281
106,572517
107,564132
108,604143
109,503345
110,702339
111,582475
112,554370
113,742366
114,754133
115,555203
116,503510
117,622246
118,605444
119,504054
120,732108
121,562680
122,563120
123,605109
124,745961
125,591077
126,589444
127,611016
128,641667
129,649343
130,438543
131,607635
132,689760
133,524077
134,517080
135,710461
136,555344
137,516297
138,499557
139,599367
140,705464
141,543211
142,570808
143,593816
144,617913
145,588699
146,539600
147,683422
148,604354
149,498582
150,518834
151,549555
152,608079
153,36209
154,731130
155,545223
156,651245
157,469916
158,593578
159,508774
160,524881
161,613666
162,518102
163,594014
164,18897
165,405259
166,523359
167,393358
168,36275
169,693334
170,552936
171,510055
172,408323
173,705797
174,508756
175,530829
176,569017
177,521617
178,570878
179,525468
180,518824
181,604143
182,529445
183,685980
184,632444
185,688702
186,595609
187,542650
188,633732
189,519001
190,605120
191,527772
192,628360
193,656331
194,519104
195,511939
196,521162
197,665371
198,624336
199,68822
200,554635
201,703017
202,602059
203,584064
204,26562
205,579271
206,539998
207,512550
208,628527
209,604955
210,600705
211,741144
212,566748
213,604911
214,623759
215,585806
216,555912
217,563367
218,619960
219,521276
220,617122
221,542516
222,516710
223,510273
224,538089
225,715883
226,603884
227,559750
228,560976
229,41306
230,736542
231,579909
232,499079
233,620560
234,606922
235,569498
236,638116
237,630163
238,555762
239,550177
240,176617
241,647992
242,620945
243,108511
244,678301
245,507732
246,552443
247,524238
248,564852
249,660158
250,622370
251,744715
252,744715
253,620421
254,481102
255,321514
256,20641
257,630876
258,736328
259,13642
260,511399
261,625523
262,638475
263,40909
264,555430
265,579964
266,598872
267,555816
268,505785
269,252981
270,648117
271,582662
272,626976
273,161205
274,584064
275,589546
276,589541
277,423977
278,539699
279,693091
280,550203
281,480687
282,560751
283,725864
284,725862
285,510036
286,595387
287,524318
288,635343
289,749332
290,527318
291,649084
292,525626
293,632224
294,722728
295,528891
296,507419
297,634151
298,131156
299,748780
300,321335
301,629874
302,562262
303,573333
304,644996
305,550170
306,549855
307,593221
308,570425
309,591924
310,637915
311,578495
312,451245
313,665519
314,670472
315,62842
316,626530
317,276014
318,338138
319,413540
320,645287
321,558828
322,51970
323,552516
324,480968
325,554524
326,605501
327,629352
328,531592
329,713800
330,603197
331,534588
332,532913
333,547731
334,645472
335,630928
336,485803
337,485804
338,485805
339,646386
340,604084
341,647400
342,647422
343,506943
344,594478
345,742371
346,690525
347,567369
348,745295
349,617227
350,656843
351,648641
352,525923
353,554473
354,536400
355,570571
356,536281
357,716811
358,742292
359,604777
360,557457
361,516715
362,715264
363,626815
364,699512
365,659745
366,717260
367,659734
368,676675
369,604358
370,423874
371,653909
372,704599
373,568723
374,497445
375,515287
376,687431
377,560542
378,562607
379,493453
380,566646
381,664005
382,619318
383,327272
384,574203
385,610607
386,604104
387,215559
388,442970
389,651577
390,547544
391,59959
392,510281
393,517334
394,661098
395,672829
396,562448
397,746167
398,676675
399,690235
400,606197
401,672968
402,673673
403,608426
404,527572
405,552529
406,561083
407,45003
408,544103
409,564325
410,737536
411,630608
412,602082
413,684577
414,752776
415,681425
416,630911
417,562975
418,683616
419,578571
420,651105
421,705116
422,575852
423,526020
424,524717
425,504998
426,717998
427,511425
428,689869
429,617948
430,729250
431,523466
432,523463
433,737534
434,535213
435,527788
436,568029
437,575362
438,682910
439,705598
440,552627
441,711813
442,348463
443,706810
444,626915
445,553175
446,741641
447,697165
448,518258
449,698871
450,612857
451,550077
452,654055
453,699628
454,560928
455,506412
456,621551
457,683428
458,545584
459,701527
460,641691
461,683158
462,633106
463,72368
464,657418
465,729137
466,253844
467,726746
468,125681
469,512671
470,514362
471,557493
472,426618
473,480155
474,552738
475,463500
476,554225
477,493581
478,253007
479,579783
480,710642
481,555337
482,560966
483,610559
484,553352
485,657908
486,603175
487,553038
488,560753
489,700958
490,585331
491,572119
492,741815
493,498116
494,497880
495,253020
496,644509
497,689123
498,220882
499,620086
500,666483
501,532759
502,594587
503,711201
504,684484
505,730459
506,754706
507,632443
508,371608
509,527688
510,544489
511,527674
512,527676
513,534275
514,536937
515,149682
516,451480
517,547758
518,515045
519,700510
520,566326
521,562604
522,552389
523,556238
524,290023
525,509526
526,559611
527,611812
528,559638
529,645783
530,477576
531,517156
532,558658
533,575096
534,644854
535,704064
536,692943
537,618197
538,693341
539,320114
540,412988
541,599943
542,587664
543,559488
544,619479
545,497551
546,297725
547,330000
548,752089
549,662486
550,752123
551,554247
552,681064
553,327920
554,532609
555,642303
556,503601
557,547567
558,429351
559,646434
560,483222
561,428078
562,430446
563,554295
564,617160
565,636118
566,605042
567,565620
568,515254
569,295786
570,626483
571,457712
572,450533
573,532163
574,460875
575,490794
576,461783
577,560704
578,547756
579,549536
580,485811
581,509441
582,359968
583,306755
584,463821
585,448095
586,544030
587,531164
588,512747
589,416673
590,544656
591,709792
592,216207
593,552950
594,527942
595,513285
596,568242
597,575141
598,370567
599,498215
600,180109
601,513732
602,421792
603,407436
604,512383
605,598437
606,542896
607,480261
608,462448
609,586092
610,514248
611,224337
612,507809
613,263537
614,507525
615,512916
616,384521
617,268896
618,275236
619,354822
620,607111
621,433501
622,405774
623,550488
624,482088
625,506596
626,486202
627,571273
628,651675
629,484579
630,489932
631,700841
632,401981
633,605932
634,521984
635,513324
636,536134
637,432579
638,534932
639,308805
640,599984
641,503761
642,490214
643,589456
644,493106
645,543593
646,752715
647,397113
648,455207
649,608464
650,549214
651,462919
652,354083
653,549564
654,499921
655,520270
656,523451
657,356772
658,554680
659,612196
660,648718
661,663709
662,326549
663,633524
664,497327
665,351044
666,721433
667,334933
668,270711
669,556935
670,365956
671,495829
672,481849
673,551429
674,606627
675,542941
676,549172
677,725543
678,273827
679,512097
680,520779
681,542012
682,491132
683,587928
684,635185
685,682098
686,564366
687,622063
688,537943
689,526034
690,541099
691,323799
692,521926
693,560369
694,468219
695,338598
696,529211
697,416358
698,494031
699,493656
700,670211
701,545816
702,26
703,512412
704,516593
705,645783
706,507939
707,649980
708,435696
709,435848
710,340268
711,554936
712,527669
713,523189
714,507981
715,539397
716,679118
717,502068
718,553668
719,2044
720,526578
721,527737
722,521960
723,263482
724,515290
725,536009
726,510819
727,537751
728,435028
729,381684
730,649427
731,558308
732,454623
733,579518
734,390874
735,502805
736,398079
737,471860
738,529981
739,569970
740,348350
741,503656
742,616961
743,504295
744,587836
745,527790
746,468436
747,589131
748,444000
749,351615
750,713762
751,521201
752,536566
753,549691
754,506380
755,525665
756,541743
757,510990
758,517939
759,551672
760,537523
761,639317
762,492046
763,730665
764,623504
765,535845
766,452947
767,548786
768,350815
769,467824
770,486270
771,375860
772,426083
773,520125
774,755718
775,548066
776,343869
777,511014
778,538989
779,190089
780,387743
781,500863
782,465545
783,431185
784,564675
785,493224
786,594279
787,445651
788,517259
789,79042
790,517636
791,523955
792,489712
793,527701
794,417261
795,338952
796,445872
797,753847
798,552303
799,670930
800,130510
801,370756
802,387660
803,90814
804,552610
805,633608
806,527801
807,408576
808,455842
809,603508
810,528998
811,484365
812,484432
813,462924
814,565846
815,598708
816,555775
817,568120
818,507220
819,518492
820,568123
821,549434
822,373224
823,390485
824,508632
825,457955
826,427037
827,502104
828,512236
829,496186
830,550216
831,310997
832,753517
833,377728
834,515387
835,521441
836,560009
837,461234
838,537406
839,655602
840,500055
841,573614
842,519717
843,541580
844,526682
845,509736
846,731622
847,478426
848,639182
849,527524
850,543775
851,392541
852,541340
853,515768
854,529617
855,432383
856,386687
857,524785
858,480270
859,534955
860,512070
861,598456
862,722445
863,515815
864,521488
865,579296
866,342091
867,537681
868,516355
869,491317
870,506612
871,525651
872,336843
873,632844
874,492897
875,541571
876,533654
877,719013
878,345921
879,511442
880,531101
881,486606
882,462849
883,438808
884,681088
885,417240
886,556268
887,512333
888,447757
889,601236
890,488722
891,448916
892,476929
893,513269
894,523097
895,584295
896,555953
897,401847
898,516698
899,467952
900,546476
901,527982
902,497916
903,443014
904,399440
905,716370
906,485548
907,505054
908,527716
909,552400
910,596401
911,611609
912,730196
913,327320
914,530457
915,426249
916,339380
917,507107
918,521706
919,554979
920,387592
921,345542
922,497658
923,476046
924,554577
925,457243
926,422273
927,644289
928,449684
929,445869
930,532973
931,543972
932,580138
933,484972
934,345935
935,500705
936,568989
937,560666
938,505058
939,311307
940,462478
941,743367
942,486225
943,370594
944,525187
945,432371
946,738560
947,398980
948,472685
949,507476
950,509107
951,370994
952,514289
953,544198
954,639507
955,516023
956,575175
957,556498
958,498919
959,618845
960,549413
961,422047
962,534063
963,621248
964,250455
965,498248
966,400028
967,731035
968,551096
969,611638
970,540000
971,510662
972,499692
973,472734
974,532223
975,351286
976,442866
977,573953
978,616818
979,553879
980,656334
981,693925
982,501648
983,461923
984,590429
985,353081
986,409582
987,501547
988,577154
989,596750
990,609354
991,548875
992,636372
993,513439
994,703297
995,535307
996,450048
997,569889
998,545591
999,440161
1000,505063
1001,512092
1002,363189
1003,375795
1004,525383
1005,614954
1006,508566
1007,546388
1008,542790
1009,430965
1010,411715
1011,497622
1012,499857
1013,697399
1014,547723
1015,560728
1016,565144
1017,541119
1018,659088
1019,488548
1020,530448
1021,520276
1022,571006
1023,493010
1024,492713
1025,536533
1026,370187
1027,400535
1028,520980
1029,518772
1030,395841
1031,445845
1032,509368
1033,542714
1034,597498
1035,543708
1036,553619
1037,514688
1038,362826
1039,499953
1040,522449
1041,363088
1042,619490
1043,692084
1044,559982
1045,531647
1046,557658
1047,537914
1048,558272
1049,597175
1050,501791
1051,533645
1052,387809
1053,476678
1054,449176
1055,526295
1056,451009
1057,502147
1058,505236
1059,446807
1060,526171
1061,550519
1062,661304
1063,500694
1064,553831
1065,602532
1066,493551
1067,447665
1068,648150
1069,497100
1070,505914
1071,554312
1072,400155
1073,457059
1074,508729
1075,539835
1076,550721
1077,492826
1078,496874
1079,583024
1080,516042
1081,563129
1082,587461
1083,423435
1084,512408
1085,517098
1086,551919
1087,588085
1088,431072
1089,493014
1090,558612
1091,512474
1092,576185
1093,637604
1094,551726
1095,509882
1096,613359
1097,616332
1098,375786
1099,522359
1100,387773
1101,414181
1102,594915
1103,516630
1104,723382
1105,423612
1106,433694
1107,525931
1108,615055
1109,481162
1110,514798
1111,501192
1112,516604
1113,505580
1114,624732
1115,420293
1116,667578
1117,530227
1118,517046
1119,371533
1120,430040
1121,434520
1122,659254
1123,505204
1124,527256
1125,407447
1126,463116
1127,603345
1128,668554
1129,507618
1130,511972
1131,425373
1132,601177
1133,378479
1134,516852
1135,550506
1136,516082
1137,716473
1138,588147
1139,505287
1140,499482
1141,529358
1142,513243
1143,416144
1144,433627
1145,481760
1146,434574
1147,592880
1148,523277
1149,631000
1150,502190
1151,544918
1152,431038
1153,463118
1154,526040
1155,516856
1156,672679
1157,560357
1158,439961
1159,507189
1160,571365
1161,474937
1162,459655
1163,603222
1164,425723
1165,527632
1166,528671
1167,503088
1168,426543
1169,526096
1170,538945
1171,519150
1172,521283
1173,639049
1174,545371
1175,633875
1176,513568
1177,426191
1178,462699
1179,614186
1180,523452
1181,612055
1182,457685
1183,391710
1184,559422
1185,456616
1186,634880
1187,470044
1188,468815
1189,365457
1190,525705
1191,528732
1192,560705
1193,427427
1194,552472
1195,607335
1196,440528
1197,499642
1198,512114
1199,617952
1200,547116
1201,513216
1202,458344
1203,464205
1204,516579
1205,593155
1206,638169
1207,505524
1208,397273
1209,437586
1210,537946
1211,458109
1212,560118
1213,518228
1214,479459
1215,516972
1216,493731
1217,594734
1218,503257
1219,694056
1220,544952
1221,537347
1222,591027
1223,586037
1224,442062
1225,485777
1226,509547
1227,523576
1228,570488
1229,481942
1230,396321
1231,450484
1232,559129
1233,539398
1234,424781
1235,511785
1236,396461
1237,578771
1238,534344
1239,416163
1240,434767
1241,490039
1242,438590
1243,606054
1244,561414
1245,490071
1246,553432
1247,543086
1248,562292
1249,706359
1250,524493
1251,531746
1252,518524
1253,546251
1254,479703
1255,555633
1256,406563
1257,402428
1258,434555
1259,542613
1260,740896
1261,513286
1262,415085
1263,416187
1264,523192
1265,479198
1266,414030
1267,604078
1268,521936
1269,557628
1270,544575
1271,470229
1272,534338
1273,565932
1274,280174
1275,433310
1276,549265
1277,591608
1278,539056
1279,455700
1280,538545
1281,595143
1282,494107
1283,617154
1284,465049
1285,525004
1286,558589
1287,581790
1288,554901
1289,629172
1290,555020
1291,581604
1292,539721
1293,611608
1294,518290
1295,421920
1296,479517
1297,552894
1298,499670
1299,486598
1300,420644
1301,549877
1302,532653
1303,437753
1304,406761
1305,631418
1306,594603
1307,504145
1308,483189
1309,631081
1310,550996
1311,497768
1312,404368
1313,419462
1314,478502
1315,581547
1316,554766
1317,548176
1318,509564
1319,433508
1320,427031
1321,592207
1322,553848
1323,582562
1324,462035
1325,635585
1326,612376
1327,506068
1328,500879
1329,551143
1330,412764
1331,519719
1332,421228
1333,423604
1334,514241
1335,573544
1336,479541
1337,550390
1338,513919
1339,506220
1340,574187
1341,661467
1342,525107
1343,637099
1344,499705
1345,488049
1346,506792
1347,650753
1348,542544
1349,665315
1350,713354
1351,502145
1352,729320
1353,568966
1354,663235
1355,492905
1356,474242
1357,432527
1358,521934
1359,515917
1360,445732
1361,277097
1362,496283
1363,540925
1364,507539
1365,516967
1366,512936
1367,427562
1368,345088
1369,411144
1370,518586
1371,742399
1372,563499
1373,526083
1374,548081
1375,410331
1376,429202
1377,434390
1378,500168
1379,460093
1380,571287
1381,522374
1382,503128
1383,161832
1384,472138
1385,454681
1386,443849
1387,549429
1388,559497
1389,530473
1390,120579
1391,433150
1392,488008
1393,472181
1394,434885
1395,477920
1396,548178
1397,553155
1398,524046
1399,524888
1400,728840
1401,543813
1402,496903
1403,514556
1404,626926
1405,481203
1406,433637
1407,556160
1408,469710
1409,592620
1410,497166
1411,728487
1412,622512
1413,504150
1414,611800
1415,513510
1416,542804
1417,603565
1418,539765
1419,657814
1420,637743
1421,512188
1422,514729
1423,600077
1424,511751
1425,617914
1426,494491
1427,424651
1428,520997
1429,620985
1430,551750
1431,505626
1432,537879
1433,437029
1434,442811
1435,521853
1436,454610
1437,505010
1438,517108
1439,573192
1440,464502
1441,418746
1442,502048
1443,561420
1444,501622
1445,523447
1446,501779
1447,510404
1448,617922
1449,487043
1450,569637
1451,627569
1452,625839
1453,629228
1454,605378
1455,729660
1456,442484
1457,551608
1458,443810
1459,499792
1460,551373
1461,514190
1462,598245
1463,654954
1464,458956
1465,531314
1466,515778
1467,475686
1468,533866
1469,521484
1470,549724
1471,586067
1472,497329
1473,506808
1474,655606
1475,468735
1476,719981
1477,468469
1478,484861
1479,520364
1480,445817
1481,589176
1482,543769
1483,522868
1484,636356
1485,533989
1486,542601
1487,504331
1488,449992
1489,450489
1490,730286
1491,414109
1492,497652
1493,709592
1494,462201
1495,590418
1496,527511
1497,421297
1498,580482
1499,548163
1500,497494
1501,442249
1502,606224
1503,552981
1504,630832
1505,549894
1506,516974
1507,502791
1508,602169
1509,560014
1510,526173
1511,550546
1512,522448
1513,487509
1514,645674
1515,510069
1516,545563
1517,516503
1518,502131
1519,604951
1520,532837
1521,540571
1522,485296
1523,536808
1524,527633
1525,582482
1526,549921
1527,712082
1528,590949
1529,516977
1530,621306
1531,556541
1532,601842
1533,467915
1534,517285
1535,514185
1536,516321
1537,538153
1538,516922
1539,427032
1540,493513
1541,44302
1542,517208
1543,446894
1544,550261
1545,557818
1546,717444
1547,478100
1548,515278
1549,415193
1550,487441
1551,422586
1552,476299
1553,532383
1554,459722
1555,537593
1556,493443
1557,446101
1558,517109
1559,510737
1560,596056
1561,522866
1562,533140
1563,424735
1564,513263
1565,503267
1566,489931
1567,535950
1568,502183
1569,435557
1570,622037
1571,570620
1572,540663
1573,487319
1574,514186
1575,553172
1576,455236
1577,433121
1578,543583
1579,540638
1580,536905
1581,510804
1582,543033
1583,503024
1584,542437
1585,453947
1586,527329
1587,738903
1588,530282
1589,566879
1590,381237
1591,486269
1592,535105
1593,472787
1594,441583
1595,470125
1596,426613
1597,513146
1598,502471
1599,517084
1600,480458
1601,629085
1602,622890
1603,562490
1604,544431
1605,549895
1606,686091
1607,614511
1608,498479
1609,532125
1610,408183
1611,470433
1612,518111
1613,556781
1614,478427
1615,536783
1616,568015
1617,428434
1618,443009
1619,511457
1620,668051
1621,429710
1622,545186
1623,489995
1624,532656
1625,640673
1626,538350
1627,510338
1628,514464
1629,567429
1630,461115
1631,524786
1632,490402
1633,530530
1634,441766
1635,371744
1636,741887
1637,565924
1638,551369
1639,554576
1640,550052
1641,584043
1642,641244
1643,534223
1644,511801
1645,447743
1646,553154
1647,456065
1648,482564
1649,706069
1650,523900
1651,515353
1652,542433
1653,530268
1654,522169
1655,512204
1656,562217
1657,514981
1658,552393
1659,553250
1660,676882
1661,687990
1662,568269
1663,676865
1664,675148
1665,526934
1666,460276
1667,477003
1668,637030
1669,514480
1670,553779
1671,588148
1672,465651
1673,432890
1674,523353
1675,464979
1676,500869
1677,599782
1678,540020
1679,515651
1680,501760
1681,488869
1682,552959
1683,512917
1684,515348
1685,595383
1686,472025
1687,526224
1688,523519
1689,537996
1690,517195
1691,526746
1692,613861
1693,721000
1694,514846
1695,450487
1696,451918
1697,525914
1698,623940
1699,631834
1700,529704
1701,208375
1702,514589
1703,634203
1704,475930
1705,540158
1706,487546
1707,484428
1708,502350
1709,510026
1710,550840
1711,592456
1712,499782
1713,470878
1714,481954
1715,608444
1716,510460
1717,528213
1718,412581
1719,563517
1720,495271
1721,552654
1722,539069
1723,629511
1724,495748
1725,576134
1726,665185
1727,456426
1728,519885
1729,519337
1730,475351
1731,705109
1732,74333
1733,439013
1734,520814
1735,571083
1736,544814
1737,493966
1738,477667
1739,438373
1740,512190
1741,452731
1742,526783
1743,487741
1744,438674
1745,552117
1746,502074
1747,477311
1748,723330
1749,502259
1750,672936
1751,567864
1752,518262
1753,503811
1754,664442
1755,587176
1756,626008
1757,723281
1758,548204
1759,500005
1760,540836
1761,440471
1762,576404
1763,532811
1764,446695
1765,516964
1766,551752
1767,554532
1768,484901
1769,569578
1770,541011
1771,506025
1772,524213
1773,551397
1774,676892
1775,520930
1776,640688
1777,559345
1778,489892
1779,557080
1780,500734
1781,492783
1782,524682
1783,541891
1784,522366
1785,507790
1786,743148
1787,577265
1788,561617
1789,442965
1790,528292
1791,480412
1792,459305
1793,578841
1794,531489
1795,449017
1796,499479
1797,224905
1798,483096
1799,512358
1800,456618
1801,499360
1802,503430
1803,457689
1804,460713
1805,665212
1806,462201
1807,613260
1808,493623
1809,579708
1810,509783
1811,142118
1812,499375
1813,500176
1814,489136
1815,547681
1816,476651
1817,490862
1818,506798
1819,645832
1820,588526
1821,449019
1822,556081
1823,545560
1824,566810
1825,522144
1826,501960
1827,542755
1828,718506
1829,506900
1830,561362
1831,450765
1832,503714
1833,508079
1834,564606
1835,628478
1836,603467
1837,512340
1838,496466
1839,571335
1840,645835
1841,534169
1842,446021
1843,742760
1844,516592
1845,490780
1846,490785
1847,555531
1848,521968
1849,588467
1850,516959
1851,468883
1852,542191
1853,522758
1854,454286
1855,502224
1856,558219
1857,555772
1858,451919
1859,454992
1860,205504
1861,617923
1862,474486
1863,556173
1864,621315
1865,534555
1866,454227
1867,530556
1868,483411
1869,499088
1870,489891
1871,497223
1872,546228
1873,436549
1874,519393
1875,463858
1876,505747
1877,532875
1878,515644
1879,586604
1880,484779
1881,656101
1882,541342
1883,652625
1884,528949
1885,478508
1886,544294
1887,461166
1888,528271
1889,504982
1890,500217
1891,347009
1892,500890
1893,543773
1894,544944
1895,541572
1896,574477
1897,549524
1898,485789
1899,502143
1900,575728
1901,454312
1902,472918
1903,546199
1904,565866
1905,458302
1906,31010
1907,515677
1908,507143
1909,604966
1910,494950
1911,543988
1912,560708
1913,466411
1914,651440
1915,481432
1916,553036
1917,551645
1918,541573
1919,513552
1920,512186
1921,517314
1922,602117
1923,694662
1924,494656
1925,537358
1926,489982
1927,454904
1928,581989
1929,618538
1930,359097
1931,568151
1932,516674
1933,502189
1934,509106
1935,460668
1936,605035
1937,514575
1938,511443
1939,523972
1940,545535
1941,467569
1942,518736
1943,534125
1944,684374
1945,487283
1946,453201
1947,553372
1948,639314
1949,491178
1950,532102
1951,496607
1952,523951
1953,525906
1954,499752
1955,454545
1956,375840
1957,609726
1958,485114
1959,750135
1960,543764
1961,515796
1962,504128
1963,520330
1964,483261
1965,443789
1966,465642
1967,509761
1968,549891
1969,516363
1970,486520
1971,553794
1972,527248
1973,482121
1974,539489
1975,520450
1976,458534
1977,499442
1978,593689
1979,543750
1980,542883
1981,502167
1982,616963
1983,517072
1984,709329
1985,517286
1986,147933
1987,699395
1988,637959
1989,514734
1990,520335
1991,457041
1992,596314
1993,498656
1994,725303
1995,687309
1996,719808
1997,412614
1998,574353
1999,492488
2000,517373
2001,515841
2002,485735
2003,509231
2004,456086
2005,462520
2006,493016
2007,518737
2008,553962
2009,493107
2010,484915
2011,521931
2012,548534
2013,489691
2014,489243
2015,511962
2016,540728
2017,506763
2018,511703
2019,604075
2020,581309
2021,551361
2022,563799
2023,460555
2024,510110
2025,475902
2026,676878
2027,493665
2028,467917
2029,553045
2030,471335
2031,549672
2032,605553
2033,514547
2034,582338
2035,524295
2036,452015
2037,515913
2038,557544
2039,507612
2040,538002
2041,509470
2042,518732
2043,508781
2044,491473
2045,511651
2046,528376
2047,493003
2048,457943
2049,402846
2050,486266
2051,513380
2052,572485
2053,515574
2054,495673
2055,505205
2056,479226
2057,321912
2058,486103
2059,514266
2060,458642
2061,486650
2062,426246
2063,104443
2064,498737
2065,538597
2066,722430
2067,463272
2068,622062
2069,606250
2070,489327
2071,467240
2072,510656
2073,676886
2074,523351
2075,459422
2076,459267
2077,502141
2078,594476
2079,546493
2080,551809
2081,503885
2082,483119
2083,499171
2084,496282
2085,728525
2086,690557
2087,519409
2088,459514
2089,517803
2090,494681
2091,467482
2092,545659
2093,496546
2094,551702
2095,503614
2096,553195
2097,555215
2098,566429
2099,551824
2100,502474
2101,530979
2102,545482
2103,499319
2104,505860
2105,442974
2106,550846
2107,482710
2108,476622
2109,646190
2110,478650
2111,511541
2112,463594
2113,557615
2114,499418
2115,550866
2116,568212
2117,526775
2118,543889
2119,502158
2120,499518
2121,492353
2122,634573
2123,636982
2124,473902
2125,502747
2126,533983
2127,516652
2128,438623
2129,502193
2130,567600
2131,499460
2132,469715
2133,697977
2134,516691
2135,553628
2136,535203
2137,469052
2138,591048
2139,552479
2140,506289
2141,447239
2142,276089
2143,498914
2144,499728
2145,491870
2146,502172
2147,545668
2148,544504
2149,548194
2150,526460
2151,551918
2152,472451
2153,284103
2154,530451
2155,509692
2156,563707
2157,293970
2158,543007
2159,517430
2160,522530
2161,586358
2162,707546
2163,563227
2164,526375
2165,462391
2166,515349
2167,515114
2168,566756
2169,522811
2170,514612
2171,66534
2172,583519
2173,478820
2174,526370
2175,465656
2176,567181
2177,651176
2178,754309
2179,523996
2180,633073
2181,499531
2182,507420
2183,556453
2184,509172
2185,562998
2186,493687
2187,551554
2188,514933
2189,570902
2190,288766
2191,494583
2192,559127
2193,533988
2194,474134
2195,505500
2196,530081
2197,536666
2198,596173
2199,553882
2200,506752
2201,513394
2202,555059
2203,549165
2204,749865
2205,742108
2206,513865
2207,488036
2208,555637
2209,651442
2210,542956
2211,506643
2212,522547
2213,412862
2214,646194
2215,457435
2216,550686
2217,654293
2218,485336
2219,545577
2220,591597
2221,564232
2222,696813
2223,463387
2224,503752
2225,550992
2226,476764
2227,542964
2228,714531
2229,521556
2230,523179
2231,569506
2232,592160
2233,525916
2234,483155
2235,553074
2236,573931
2237,467117
2238,531588
2239,482150
2240,497269
2241,649912
2242,576597
2243,91490
2244,575872
2245,529859
2246,567492
2247,683891
2248,529210
2249,554320
2250,510690
2251,482303
2252,499151
2253,508801
2254,523938
2255,500378
2256,506730
2257,553065
2258,735578
2259,692865
2260,524708
2261,530862
2262,583164
2263,552482
2264,563886
2265,497737
2266,548226
2267,523281
2268,504857
2269,545911
2270,15789
2271,188246
2272,513360
2273,526583
2274,507683
2275,465914
2276,531632
2277,554581
2278,511687
2279,560095
2280,542538
2281,223097
2282,591297
2283,527360
2284,621884
2285,739840
2286,462949
2287,740920
2288,519120
2289,499431
2290,534414
2291,510014
2292,486072
2293,625610
2294,535284
2295,624442
2296,673976
2297,483366
2298,353154
2299,558591
2300,545840
2301,667577
2302,589152
2303,612619
2304,497267
2305,466703
2306,591642
2307,539619
2308,492843
2309,645434
2310,493121
2311,498934
2312,474331
2313,557972
2314,524388
2315,519988
2316,470333
2317,498517
2318,496212
2319,485371
2320,654731
2321,516850
2322,172162
2323,518454
2324,554691
2325,617130
2326,471474
2327,526510
2328,421456
2329,532668
2330,509344
2331,253432
2332,539142
2333,512032
2334,640221
2335,495503
2336,102845
2337,583177
2338,644452
2339,531384
2340,486078
2341,537880
2342,589795
2343,565539
2344,554816
2345,252443
2346,748649
2347,501894
2348,532645
2349,663862
2350,470511
2351,521092
2352,468545
2353,72897
2354,517060
2355,505551
2356,497626
2357,498208
2358,544510
2359,634731
2360,546109
2361,498210
2362,573900
2363,514389
2364,515048
2365,516065
2366,529865
2367,496524
2368,472947
2369,522552
2370,455605
2371,532944
2372,609338
2373,537860
2374,565725
2375,178738
2376,489138
2377,497870
2378,516063
2379,524783
2380,528187
2381,480736
2382,545481
2383,522853
2384,518115
2385,572534
2386,515047
2387,513211
2388,486753
2389,539456
2390,589143
2391,666265
2392,538191
2393,514976
2394,410611
2395,577627
2396,549882
2397,516232
2398,536070
2399,629370
2400,525400
2401,486995
2402,593563
2403,549246
2404,529767
2405,520145
2406,533932
2407,517383
2408,475888
2409,510605
2410,597607
2411,489930
2412,462882
2413,591844
2414,710712
2415,695859
2416,510575
2417,510289
2418,555793
2419,512897
2420,746606
2421,567711
2422,665513
2423,549077
2424,510455
2425,625599
2426,637656
2427,557078
2428,488350
2429,507049
2430,502178
2431,514769
2432,498068
2433,544501
2434,641697
2435,330117
2436,520454
2437,565087
2438,681882
2439,532649
2440,526133
2441,553236
2442,508287
2443,652918
2444,450001
2445,516476
2446,503755
2447,498419
2448,523344
2449,676876
2450,482753
2451,526669
2452,551240
2453,639856
2454,505638
2455,549184
2456,496872
2457,543763
2458,516043
2459,561080
2460,581359
2461,751642
2462,472299
2463,565252
2464,545530
2465,501630
2466,483328
2467,508114
2468,563091
2469,512761
2470,503760
2471,617137
2472,508511
2473,510954
2474,487806
2475,560739
2476,525830
2477,500441
2478,609461
2479,528886
2480,623800
2481,513302
2482,502135
2483,441393
2484,519433
2485,518682
2486,500861
2487,501638
2488,483840
2489,593748
2490,589901
2491,493490
2492,540928
2493,552346
2494,586094
2495,557606
2496,525399
2497,508474
2498,507892
2499,564082
2500,578746
2501,513267
2502,271279
2503,542781
2504,533981
2505,539767
2506,522619
2507,331723
2508,568970
2509,512968
2510,82391
2511,527833
2512,502157
2513,485880
2514,509345
2515,417728
2516,557502
2517,474335
2518,500877
2519,536420
2520,545155
2521,529804
2522,499468
2523,510318
2524,522417
2525,506680
2526,476292
2527,628491
2528,136293
2529,499347
2530,592487
2531,510863
2532,487558
2533,480100
2534,549935
2535,501628
2536,515052
2537,481220
2538,560854
2539,477871
2540,610261
2541,471977
2542,499447
2543,532753
2544,572706
2545,560283
2546,513648
2547,551225
2548,521552
2549,654624
2550,616116
2551,524296
2552,611383
2553,523536
2554,586856
2555,702879
2556,551826
2557,588079
2558,497369
2559,518493
2560,552588
2561,535421
2562,501851
2563,505418
2564,508825
2565,577210
2566,607652
2567,520722
2568,617148
2569,530359
2570,512287
2571,153364
2572,569590
2573,697998
2574,591047
2575,544881
2576,543038
2577,584578
2578,569126
2579,490179
2580,501299
2581,542036
2582,534321
2583,499463
2584,476968
2585,516026
2586,563127
2587,572599
2588,515009
2589,713629
2590,518761
2591,518727
2592,529653
2593,599407
2594,559474
2595,517782
2596,551768
2597,550103
2598,563405
2599,490002
2600,523099
2601,555559
2602,516962
2603,515731
2604,544795
2605,44114
2606,461126
2607,495356
2608,521920
2609,569369
2610,537965
2611,489166
2612,561516
2613,537791
2614,546449
2615,422198
2616,491418
2617,518604
2618,554889
2619,526874
2620,580880
2621,543208
2622,486006
2623,512337
2624,528489
2625,278674
2626,515189
2627,542423
2628,584883
2629,688248
2630,550593
2631,498247
2632,549221
2633,551391
2634,477270
2635,647301
2636,600339
2637,493200
2638,543352
2639,474395
2640,519101
2641,585724
2642,642220
2643,574963
2644,522915
2645,485091
2646,716070
2647,533139
2648,533201
2649,582621
2650,544047
2651,517800
2652,522554
2653,531398
2654,538310
2655,517388
2656,565124
2657,553229
2658,533137
2659,559491
2660,325310
2661,549078
2662,506775
2663,514595
2664,512799
2665,552982
2666,529207
2667,704965
2668,459713
2669,528960
2670,520776
2671,414214
2672,551506
2673,653475
2674,546862
2675,502963
2676,648153
2677,515932
2678,513315
2679,552923
2680,514201
2681,517662
2682,510028
2683,499723
2684,560694
2685,592801
2686,517628
2687,549472
2688,593223
2689,489987
2690,555198
2691,531110
2692,489985
2693,534235
2694,527955
2695,596116
2696,491305
2697,578554
2698,496321
2699,619861
2700,514124
2701,547894
2702,502132
2703,497089
2704,563672
2705,515853
2706,519339
2707,412455
2708,525507
2709,551007
2710,537646
2711,502152
2712,498366
2713,547447
2714,550373
2715,481762
2716,548238
2717,496961
2718,521669
2719,560726
2720,499786
2721,551683
2722,515934
2723,592564
2724,494082
2725,547132
2726,500372
2727,523750
2728,517065
2729,492561
2730,564549
2731,513089
2732,555605
2733,755382
2734,539070
2735,492118
2736,504054
2737,484747
2738,538239
2739,337599
2740,584473
2741,576466
2742,549776
2743,510065
2744,66213
2745,538931
2746,578200
2747,571131
2748,542805
2749,654166
2750,456625
2751,13225
2752,581505
2753,496096
2754,471987
2755,553321
2756,597746
2757,490758
2758,486754
2759,646021
2760,518335
2761,89292
2762,582245
2763,500900
2764,534790
2765,531380
2766,560696
2767,62091
2768,498162
2769,591046
2770,494781
2771,516847
2772,499471
2773,467581
2774,547026
2775,490788
2776,571551
2777,563466
2778,727904
2779,499191
2780,507295
2781,679974
2782,469056
2783,670391
2784,485189
2785,519106
2786,490448
2787,478045
2788,550244
2789,563903
2790,263846
2791,500654
2792,720166
2793,530222
2794,531750
2795,483435
2796,484743
2797,545573
2798,517955
2799,516780
2800,499164
2801,631163
2802,569698
2803,496464
2804,491474
2805,531127
2806,507996
2807,499639
2808,561996
2809,512295
2810,507409
2811,515362
2812,538902
2813,527791
2814,585738
2815,336299
2816,560749
2817,501559
2818,521854
2819,579171
2820,561710
2821,578275
2822,594005
2823,498292
2824,737473
2825,504312
2826,484931
2827,489996
2828,562269
2829,559150
2830,492254
2831,585702
2832,714581
2833,551172
2834,528129
2835,551827
2836,520446
2837,529279
2838,539025
2839,497701
2840,510088
2841,552637
2842,537552
2843,699376
2844,500902
2845,499209
2846,628840
2847,583931
2848,536525
2849,551289
2850,510333
2851,504314
2852,498598
2853,588667
2854,497344
2855,569085
2856,555104
2857,511354
2858,598863
2859,617407
2860,512361
2861,512294
2862,496196
2863,552366
2864,543694
2865,455699
2866,589314
2867,640096
2868,513046
2869,224615
2870,494210
2871,93296
2872,515809
2873,542421
2874,550412
2875,751918
2876,478425
2877,498263
2878,646375
2879,551287
2880,522895
2881,501231
2882,512354
2883,535692
2884,540871
2885,543692
2886,485774
2887,515409
2888,530458
2889,527216
2890,566488
2891,521891
2892,544385
2893,442037
2894,548083
2895,623803
2896,721806
2897,503308
2898,537104
2899,494974
2900,523604
2901,539784
2902,527851
2903,541458
2904,523022
2905,532886
2906,84964
2907,552900
2908,560034
2909,619328
2910,514234
2911,489749
2912,671299
2913,519107
2914,499473
2915,528480
2916,613382
2917,568358
2918,528961
2919,738143
2920,553829
2921,547903
2922,658861
2923,553725
2924,499533
2925,568262
2926,463586
2927,307374
2928,519176
2929,543087
2930,499807
2931,558737
2932,492684
2933,566958
2934,512076
2935,536733
2936,555890
2937,526778
2938,600851
2939,600918
2940,529362
2941,541466
2942,553595
2943,546556
2944,514239
2945,490405
2946,552872
2947,496708
2948,482936
2949,522928
2950,537847
2951,500883
2952,588378
2953,489988
2954,572693
2955,547986
2956,548928
2957,690969
2958,514684
2959,495366
2960,606910
2961,230313
2962,706604
2963,549809
2964,519597
2965,168490
2966,532352
2967,560761
2968,499678
2969,490003
2970,605123
2971,509866
2972,595632
2973,733506
2974,568941
2975,551930
2976,591626
2977,493062
2978,596596
2979,586703
2980,490816
2981,581599
2982,489984
2983,490818
2984,491311
2985,493017
2986,471254
2987,493110
2988,493114
2989,493089
2990,490082
2991,493001
2992,493099
2993,493100
2994,490005
2995,499571
2996,500417
2997,500191
2998,552440
2999,600249
3000,544812
3001,497796
3002,413881
3003,561347
3004,505473
3005,640036
3006,495946
3007,406994
3008,527795
3009,594559
3010,555185
3011,755783
3012,519380
3013,500527
3014,512360
3015,740242
3016,526894
3017,542034
3018,542570
3019,504611
3020,545283
3021,603113
3022,508144
3023,518760
3024,499446
3025,561543
3026,724024
3027,536906
3028,511795
3029,605507
3030,561291
3031,554142
3032,713543
3033,497536
3034,566398
3035,515013
3036,496517
3037,566740
3038,496334
3039,613262
3040,522817
3041,532677
3042,560961
3043,591045
3044,518537
3045,513377
3046,497333
3047,498052
3048,549339
3049,711806
3050,222402
3051,555561
3052,508539
3053,516961
3054,444516
3055,412865
3056,527754
3057,520994
3058,514733
3059,497931
3060,549494
3061,750512
3062,528940
3063,485096
3064,538107
3065,550535
3066,505262
3067,531395
3068,590242
3069,507317
3070,509766
3071,520759
3072,499461
3073,474722
3074,507297
3075,509869
3076,508834
3077,507364
3078,673123
3079,595457
3080,553005
3081,493674
3082,545143
3083,509351
3084,493659
3085,493661
3086,734870
3087,493670
3088,694839
3089,508868
3090,495121
3091,590139
3092,5146
3093,498244
3094,505908
3095,502453
3096,530225
3097,533109
3098,501151
3099,498363
3100,496324
3101,654908
3102,626818
3103,514045
3104,581913
3105,701779
3106,496274
3107,98514
3108,571386
3109,534530
3110,508887
3111,304446
3112,493919
3113,346510
3114,602613
3115,499720
3116,501243
3117,512929
3118,545582
3119,493915
3120,514577
3121,631045
3122,500107
3123,589678
3124,515042
3125,494593
3126,572884
3127,508170
3128,544961
3129,591622
3130,603970
3131,499469
3132,564766
3133,494471
3134,494541
3135,560766
3136,550135
3137,673262
3138,527165
3139,530161
3140,507728
3141,524044
3142,539392
3143,697531
3144,493183
3145,463958
3146,500494
3147,528765
3148,538243
3149,494632
3150,525867
3151,596663
3152,553130
3153,136732
3154,456635
3155,694722
3156,532591
3157,539509
3158,649281
3159,496498
3160,615825
3161,496531
3162,496916
3163,525422
3164,521268
3165,495889
3166,496955
3167,583139
3168,508613
3169,505404
3170,551476
3171,671301
3172,547508
3173,560203
3174,514704
3175,278406
3176,513665
3177,500735
3178,531312
3179,524579
3180,496497
3181,658815
3182,695025
3183,512584
3184,497447
3185,654728
3186,528477
3187,515816
3188,707646
3189,490814
3190,499168
3191,540592
3192,499520
3193,643028
3194,500777
3195,499396
3196,495105
3197,574943
3198,734390
3199,543322
3200,601865
3201,492459
3202,502138
3203,558739
3204,570898
3205,500353
3206,591893
3207,494836
3208,699679
3209,542514
3210,624596
3211,499082
3212,263733
3213,499362
3214,546852
3215,505175
3216,533660
3217,461693
3218,459377
3219,526077
3220,579974
3221,566486
3222,530727
3223,536429
3224,515410
3225,501105
3226,526571
3227,540002
3228,554133
3229,558684
3230,496755
3231,680050
3232,530266
3233,576758
3234,519398
3235,232294
3236,605383
3237,719924
3238,493123
3239,509611
3240,514953
3241,499077
3242,580419
3243,497179
3244,444218
3245,497557
3246,501745
3247,497713
3248,543883
3249,505845
3250,502185
3251,498051
3252,499474
3253,499588
3254,547349
3255,492404
3256,522168
3257,526159
3258,457591
3259,500266
3260,642104
3261,500086
3262,593159
3263,550395
3264,705486
3265,509729
3266,512768
3267,499152
3268,524499
3269,526481
3270,560517
3271,500206
3272,493006
3273,538112
3274,598859
3275,498952
3276,528914
3277,585389
3278,539803
3279,566100
3280,490406
3281,521656
3282,485098
3283,509213
3284,575196
3285,541988
3286,499545
3287,497662
3288,504184
3289,596097
3290,562985
3291,692559
3292,515591
3293,499609
3294,572309
3295,569904
3296,471291
3297,486402
3298,520369
3299,499915
3300,504551
3301,504543
3302,504198
3303,516569
3304,168814
3305,756290
3306,526433
3307,504112
3308,542184
3309,503112
3310,580484
3311,548997
3312,563514
3313,500500
3314,669926
3315,552404
3316,503477
3317,500893
3318,512487
3319,543580
3320,591044
3321,514821
3322,566849
3323,271107
3324,544054
3325,499309
3326,501022
3327,500887
3328,528242
3329,469284
3330,545963
3331,510938
3332,736770
3333,528499
3334,504199
3335,476606
3336,600433
3337,692787
3338,502126
3339,522360
3340,573467
3341,608226
3342,591194
3343,533237
3344,521858
3345,533734
3346,451434
3347,532642
3348,483876
3349,607171
3350,561060
3351,580377
3352,505560
3353,504731
3354,500854
3355,500783
3356,499631
3357,611146
3358,499865
3359,597310
3360,497419
3361,541993
3362,288410
3363,500848
3364,523443
3365,502194
3366,308605
3367,709376
3368,553084
3369,499643
3370,505879
3371,481196
3372,507034
3373,505612
3374,503468
3375,519471
3376,532444
3377,540384
3378,510568
3379,500851
3380,546829
3381,502871
3382,504062
3383,505905
3384,507814
3385,387836
3386,499667
3387,509850
3388,540692
3389,520679
3390,410482
3391,209271
3392,409015
3393,408634
3394,598606
3395,525081
3396,518326
3397,557130
3398,527778
3399,502134
3400,489146
3401,588698
3402,562597
3403,606645
3404,517040
3405,525213
3406,586546
3407,359651
3408,526036
3409,590190
3410,500803
3411,499668
3412,521497
3413,549393
3414,560760
3415,503473
3416,502496
3417,513402
3418,445705
3419,501743
3420,500842
3421,505321
3422,536897
3423,591873
3424,569668
3425,543297
3426,186233
3427,503606
3428,500006
3429,502965
3430,524478
3431,518459
3432,581140
3433,537362
3434,499541
3435,610037
3436,503478
3437,499671
3438,499161
3439,539549
3440,506319
3441,534343
3442,712773
3443,527980
3444,29941
3445,499555
3446,588643
3447,528492
3448,539736
3449,499543
3450,591875
3451,499772
3452,558630
3453,500649
3454,505943
3455,502137
3456,505011
3457,504602
3458,551499
3459,496049
3460,725568
3461,527427
3462,537957
3463,587039
3464,502632
3465,532622
3466,4495
3467,525387
3468,550869
3469,551965
3470,502130
3471,502129
3472,507051
3473,95694
3474,477266
3475,11843
3476,527759
3477,502154
3478,502159
3479,502160
3480,543882
3481,510276
3482,504195
3483,728210
3484,498420
3485,504975
3486,507269
3487,510343
3488,627581
3489,502163
3490,502164
3491,502166
3492,537411
3493,698897
3494,502168
3495,502175
3496,591542
3497,533238
3498,544946
3499,496349
3500,515477
3501,609169
3502,652118
3503,519045
3504,739963
3505,503943
3506,537939
3507,507562
3508,611507
3509,519011
3510,542719
3511,553347
3512,539877
3513,513789
3514,661013
3515,550654
3516,553780
3517,499558
3518,505511
3519,527729
3520,510969
3521,554647
3522,515856
3523,505334
3524,497344
3525,537377
3526,244843
3527,745107
3528,655137
3529,543819
3530,498077
3531,572528
3532,506600
3533,692818
3534,517686
3535,529220
3536,510262
3537,675821
3538,359261
3539,504127
3540,554755
3541,533865
3542,522139
3543,524948
3544,614351
3545,483985
3546,504227
3547,412572
3548,497227
3549,505906
3550,505687
3551,521885
3552,501375
3553,516047
3554,591833
3555,532787
3556,520903
3557,557781
3558,737951
3559,549169
3560,625083
3561,515158
3562,507680
3563,553959
3564,556530
3565,560191
3566,502188
3567,492719
3568,139851
3569,544299
3570,503479
3571,525050
3572,410571
3573,563699
3574,542092
3575,542276
3576,524557
3577,516946
3578,575901
3579,562096
3580,474646
3581,568945
3582,508094
3583,500805
3584,505300
3585,422162
3586,499556
3587,506986
3588,505385
3589,503463
3590,531509
3591,577335
3592,570798
3593,510735
3594,512352
3595,600924
3596,506071
3597,529881
3598,501015
3599,532092
3600,506781
3601,429939
3602,506668
3603,594905
3604,633188
3605,543005
3606,504071
3607,521888
3608,526284
3609,591897
3610,503927
3611,322342
3612,520440
3613,504469
3614,676872
3615,617153
3616,507964
3617,454197
3618,526376
3619,509940
3620,689863
3621,566182
3622,559994
3623,508065
3624,504233
3625,752877
3626,627014
3627,627354
3628,506971
3629,24331
3630,536475
3631,515672
3632,674100
3633,505527
3634,572615
3635,516695
3636,701545
3637,498554
3638,499869
3639,553856
3640,520393
3641,527745
3642,521424
3643,526182
3644,627057
3645,506734
3646,550476
3647,507534
3648,512192
3649,548915
3650,527798
3651,500797
3652,497726
3653,499673
3654,541495
3655,507058
3656,509188
3657,671718
3658,531569
3659,528002
3660,575129
3661,506640
3662,528305
3663,635887
3664,511880
3665,557757
3666,512732
3667,594676
3668,496036
3669,522828
3670,515293
3671,544986
3672,552926
3673,525208
3674,516055
3675,544354
3676,526230
3677,510047
3678,527664
3679,536942
3680,516088
3681,538161
3682,512963
3683,589191
3684,506178
3685,508989
3686,514501
3687,621907
3688,517508
3689,519523
3690,512701
3691,529111
3692,733180
3693,529784
3694,569002
3695,521772
3696,508422
3697,524025
3698,508705
3699,536019
3700,509104
3701,497728
3702,514215
3703,597245
3704,622866
3705,597735
3706,603550
3707,510714
3708,508685
3709,519014
3710,755739
3711,497194
3712,573159
3713,498899
3714,517289
3715,571984
3716,547311
3717,542155
3718,563697
3719,509583
3720,517385
3721,568940
3722,542104
3723,527343
3724,509904
3725,528478
3726,528008
3727,505165
3728,527805
3729,566139
3730,525025
3731,478157
3732,528963
3733,513488
3734,495925
3735,603123
3736,543296
3737,500850
3738,533309
3739,646059
3740,643713
3741,549910
3742,571047
3743,728031
3744,551859
3745,508166
3746,596076
3747,676877
3748,510084
3749,552518
3750,546539
3751,645099
3752,520370
3753,520189
3754,511539
3755,511548
3756,510073
3757,512798
3758,511689
3759,512238
3760,387846
3761,528364
3762,527728
3763,508830
3764,534780
3765,525184
3766,572679
3767,575065
3768,494407
3769,610067
3770,511271
3771,512980
3772,358844
3773,520319
3774,512404
3775,592629
3776,565762
3777,526411
3778,579485
3779,551831
3780,604595
3781,507016
3782,606547
3783,510770
3784,518068
3785,522782
3786,510442
3787,513178
3788,499650
3789,557257
3790,523201
3791,544627
3792,508642
3793,523044
3794,497863
3795,499794
3796,598824
3797,256666
3798,550021
3799,519672
3800,526181
3801,526181
3802,549278
3803,546630
3804,511512
3805,566335
3806,526408
3807,652651
3808,520777
3809,526772
3810,601108
3811,521862
3812,550726
3813,547650
3814,591612
3815,550110
3816,515361
3817,543771
3818,560608
3819,627448
3820,511791
3821,511463
3822,585695
3823,626611
3824,583046
3825,571283
3826,525155
3827,504769
3828,515185
3829,515590
3830,485870
3831,557252
3832,521881
3833,404904
3834,547377
3835,521712
3836,620684
3837,752861
3838,598983
3839,499841
3840,520789
3841,574640
3842,512177
3843,505398
3844,541964
3845,591615
3846,533598
3847,511365
3848,586496
3849,734048
3850,545561
3851,551235
3852,549765
3853,581940
3854,534110
3855,589412
3856,554600
3857,592451
3858,531935
3859,608104
3860,500752
3861,540632
3862,620132
3863,531711
3864,521139
3865,331393
3866,566023
3867,516979
3868,509636
3869,522393
3870,498086
3871,603578
3872,365167
3873,628098
3874,574066
3875,515194
3876,519075
3877,642375
3878,560598
3879,578721
3880,594072
3881,515192
3882,462718
3883,535479
3884,515639
3885,528411
3886,522068
3887,512093
3888,513347
3889,601767
3890,568667
3891,499804
3892,553341
3893,560148
3894,532153
3895,604331
3896,510255
3897,555201
3898,499689
3899,506179
3900,566792
3901,528495
3902,553425
3903,540125
3904,557978
3905,513727
3906,655212
3907,515761
3908,532876
3909,498936
3910,655394
3911,91101
3912,545426
3913,755504
3914,536771
3915,566644
3916,520250
3917,520928
3918,582968
3919,645257
3920,509207
3921,684846
3922,518844
3923,645562
3924,375815
3925,516742
3926,548500
3927,514038
3928,583887
3929,517044
3930,729669
3931,670448
3932,509828
3933,563769
3934,516060
3935,310016
3936,517538
3937,455379
3938,568913
3939,686854
3940,517068
3941,602892
3942,735444
3943,520235
3944,517129
3945,513925
3946,531951
3947,551745
3948,512531
3949,505739
3950,463196
3951,572927
3952,547623
3953,611753
3954,569483
3955,605412
3956,560736
3957,741824
3958,619696
3959,387914
3960,544610
3961,210679
3962,527976
3963,522011
3964,535517
3965,520331
3966,521080
3967,515572
3968,677668
3969,616955
3970,528393
3971,433466
3972,562603
3973,515990
3974,499194
3975,511458
3976,499815
3977,524003
3978,499552
3979,585235
3980,205267
3981,522839
3982,525057
3983,576035
3984,524582
3985,522326
3986,518756
3987,516546
3988,548887
3989,633249
3990,522089
3991,546565
3992,564848
3993,552294
3994,561635
3995,749433
3996,681051
3997,559740
3998,517827
3999,493209
4000,517786
4001,536765
4002,538858
4003,533312
4004,590357
4005,478503
4006,529103
4007,558244
4008,514015
4009,518383
4010,560038
4011,581759
4012,580406
4013,504354
4014,526039
4015,537707
4016,577163
4017,564145
4018,544065
4019,735054
4020,517114
4021,443128
4022,550870
4023,547113
4024,522794
4025,529643
4026,518536
4027,566661
4028,609424
4029,528084
4030,654223
4031,462882
4032,321462
4033,555850
4034,278619
4035,686577
4036,161424
4037,518749
4038,571203
4039,36807
4040,570737
4041,589154
4042,510687
4043,543481
4044,517814
4045,334964
4046,542728
4047,526770
4048,666311
4049,307237
4050,520273
4051,563746
4052,517873
4053,517814
4054,542883
4055,511679
4056,694055
4057,589769
4058,560443
4059,600168
4060,533818
4061,724172
4062,521957
4063,554847
4064,553686
4065,516340
4066,272094
4067,520268
4068,718202
4069,511748
4070,518186
4071,514209
4072,634784
4073,544290
4074,524176
4075,511799
4076,641688
4077,526948
4078,74076
4079,535219
4080,522608
4081,589957
4082,499672
4083,534515
4084,564177
4085,535962
4086,525949
4087,692873
4088,549089
4089,517991
4090,522336
4091,516587
4092,517695
4093,518409
4094,518994
4095,562248
4096,591224
4097,592033
4098,518632
4099,517952
4100,546052
4101,512690
4102,635786
4103,519642
4104,435681
4105,538391
4106,518505
4107,562413
4108,551127
4109,588487
4110,535378
4111,504591
4112,523866
4113,566942
4114,324373
4115,676883
4116,632485
4117,527690
4118,511700
4119,519256
4120,512184
4121,534953
4122,519209
4123,514742
4124,520195
4125,550844
4126,542476
4127,525150
4128,532648
4129,554123
4130,518496
4131,523718
4132,548764
4133,540172
4134,513709
4135,358011
4136,75121
4137,519238
4138,539895
4139,526384
4140,533930
4141,526164
4142,564335
4143,545688
4144,614807
4145,519949
4146,651723
4147,551238
4148,519207
4149,520541
4150,590669
4151,530104
4152,516561
4153,547878
4154,532221
4155,588757
4156,519034
4157,530995
4158,552938
4159,508113
4160,527725
4161,506053
4162,517955
4163,581757
4164,514936
4165,528112
4166,528108
4167,521296
4168,555898
4169,537974
4170,591861
4171,570465
4172,515938
4173,593994
4174,583923
4175,533210
4176,514944
4177,517121
4178,547774
4179,631380
4180,516588
4181,556870
4182,521882
4183,549067
4184,544679
4185,518722
4186,560887
4187,630918
4188,414177
4189,528458
4190,566118
4191,666944
4192,555639
4193,525729
4194,574273
4195,560732
4196,534897
4197,615147
4198,526368
4199,211885
4200,519033
4201,524456
4202,534333
4203,534903
4204,516840
4205,543646
4206,622039
4207,619623
4208,741807
4209,569338
4210,557618
4211,521622
4212,521329
4213,448340
4214,693626
4215,543999
4216,523365
4217,537049
4218,545575
4219,528356
4220,683897
4221,521958
4222,148249
4223,559578
4224,549566
4225,320347
4226,533044
4227,521938
4228,611844
4229,564170
4230,501152
4231,607435
4232,654668
4233,533063
4234,535927
4235,83887
4236,533566
4237,520586
4238,553594
4239,548057
4240,527689
4241,500971
4242,548849
4243,596088
4244,526479
4245,546328
4246,524129
4247,658004
4248,570130
4249,541115
4250,540380
4251,549570
4252,513650
4253,557881
4254,524989
4255,532362
4256,525742
4257,705339
4258,527337
4259,566318
4260,531392
4261,602047
4262,519546
4263,528615
4264,561994
4265,752255
4266,527609
4267,519526
4268,550533
4269,160075
4270,538170
4271,586088
4272,543638
4273,518463
4274,512580
4275,522732
4276,576976
4277,529376
4278,524350
4279,542109
4280,168490
4281,515492
4282,528760
4283,558901
4284,517260
4285,524132
4286,551185
4287,531017
4288,510928
4289,598567
4290,483455
4291,526033
4292,583750
4293,700059
4294,544026
4295,544907
4296,534402
4297,547715
4298,612362
4299,538402
4300,532209
4301,551296
4302,544758
4303,533929
4304,537803
4305,596120
4306,519112
4307,651373
4308,539757
4309,522917
4310,522317
4311,568365
4312,523716
4313,512445
4314,520721
4315,546676
4316,575664
4317,523994
4318,523674
4319,516558
4320,541835
4321,522921
4322,548188
4323,549521
4324,528969
4325,536241
4326,541757
4327,523703
4328,546462
4329,547777
4330,526313
4331,518734
4332,591890
4333,517973
4334,632918
4335,528776
4336,592154
4337,526389
4338,586449
4339,733029
4340,563017
4341,539196
4342,544341
4343,651411
4344,736488
4345,527789
4346,565413
4347,610027
4348,530454
4349,554886
4350,471287
4351,525157
4352,616199
4353,557158
4354,532289
4355,510603
4356,519241
4357,516986
4358,567400
4359,525868
4360,602808
4361,549154
4362,548617
4363,552678
4364,672745
4365,545273
4366,606387
4367,304087
4368,458383
4369,583569
4370,542305
4371,517157
4372,587270
4373,579677
4374,532921
4375,288761
4376,499404
4377,625752
4378,578498
4379,578983
4380,534188
4381,644553
4382,602477
4383,527246
4384,525750
4385,537854
4386,523561
4387,525116
4388,523828
4389,579989
4390,556692
4391,527878
4392,524287
4393,527841
4394,392051
4395,581621
4396,620033
4397,530154
4398,561066
4399,535220
4400,189979
4401,552010
4402,514617
4403,648222
4404,524087
4405,658039
4406,569010
4407,577403
4408,571511
4409,501431
4410,533212
4411,519546
4412,534062
4413,695880
4414,527799
4415,507749
4416,521908
4417,586605
4418,333999
4419,517911
4420,585211
4421,507862
4422,711153
4423,538578
4424,568949
4425,425635
4426,527687
4427,519765
4428,376549
4429,532206
4430,577787
4431,592608
4432,574725
4433,592542
4434,548175
4435,445559
4436,526179
4437,537687
4438,537610
4439,546684
4440,548308
4441,693640
4442,755383
4443,558615
4444,486799
4445,568017
4446,614462
4447,493514
4448,688364
4449,544625
4450,586334
4451,527757
4452,554770
4453,576426
4454,554826
4455,599140
4456,574137
4457,522289
4458,745276
4459,536115
4460,674591
4461,713397
4462,527786
4463,546158
4464,546223
4465,533839
4466,544681
4467,536895
4468,718864
4469,526180
4470,527763
4471,556499
4472,580251
4473,42152
4474,527415
4475,534503
4476,532212
4477,542307
4478,596084
4479,526841
4480,577719
4481,532789
4482,520721
4483,585981
4484,547585
4485,539827
4486,573844
4487,540265
4488,566067
4489,567046
4490,59257
4491,560607
4492,527975
4493,727735
4494,528369
4495,528401
4496,546144
4497,550752
4498,539869
4499,579456
4500,549422
4501,569452
4502,520923
4503,611187
4504,538675
4505,519159
4506,121489
4507,579022
4508,537760
4509,610645
4510,528915
4511,589607
4512,531755
4513,534366
4514,500909
4515,579474
4516,536023
4517,561871
4518,561294
4519,532219
4520,528293
4521,531923
4522,529803
4523,583247
4524,532215
4525,539116
4526,529221
4527,295542
4528,532912
4529,539926
4530,534424
4531,610542
4532,548263
4533,15185
4534,530051
4535,553685
4536,558022
4537,657093
4538,658990
4539,531486
4540,522647
4541,555928
4542,559145
4543,532432
4544,529206
4545,585353
4546,544088
4547,637861
4548,586582
4549,532498
4550,575887
4551,56794
4552,562002
4553,580554
4554,481078
4555,426815
4556,660051
4557,529294
4558,230083
4559,641420
4560,563705
4561,545678
4562,526091
4563,528659
4564,569093
4565,538331
4566,553086
4567,500341
4568,542757
4569,557852
4570,551718
4571,532997
4572,654753
4573,567884
4574,658498
4575,573070
4576,516112
4577,331249
4578,554133
4579,676890
4580,644968
4581,712320
4582,592511
4583,554855
4584,544649
4585,627577
4586,548371
4587,526450
4588,529812
4589,531166
4590,577974
4591,571511
4592,553752
4593,540864
4594,532448
4595,531301
4596,568853
4597,546391
4598,519990
4599,530964
4600,565937
4601,550063
4602,564176
4603,637330
4604,539825
4605,536413
4606,553068
4607,538238
4608,593568
4609,553073
4610,527948
4611,511626
4612,531956
4613,478416
4614,350183
4615,578839
4616,559045
4617,546626
4618,663096
4619,524872
4620,552189
4621,528447
4622,543114
4623,591039
4624,676862
4625,527840
4626,533580
4627,596320
4628,552057
4629,536021
4630,592943
4631,531488
4632,581292
4633,536593
4634,588783
4635,530254
4636,528273
4637,584444
4638,532090
4639,555634
4640,536103
4641,587863
4642,584969
4643,591285
4644,566151
4645,575019
4646,541574
4647,528487
4648,595856
4649,542994
4650,529187
4651,521766
4652,552114
4653,622222
4654,531122
4655,579057
4656,516665
4657,534781
4658,529571
4659,580919
4660,575182
4661,535849
4662,682310
4663,588086
4664,546976
4665,515594
4666,522382
4667,522570
4668,538368
4669,595982
4670,540468
4671,543094
4672,515845
4673,470527
4674,613976
4675,532133
4676,513227
4677,589665
4678,651674
4679,523208
4680,536510
4681,552127
4682,580102
4683,567331
4684,547375
4685,571220
4686,535995
4687,534773
4688,552951
4689,517510
4690,544891
4691,542271
4692,72642
4693,743879
4694,501303
4695,561779
4696,534023
4697,551680
4698,729855
4699,601739
4700,577159
4701,531903
4702,568818
4703,542302
4704,532170
4705,510029
4706,546712
4707,536141
4708,558704
4709,551006
4710,523856
4711,533350
4712,543415
4713,557336
4714,566643
4715,566848
4716,564427
4717,632437
4718,635070
4719,568981
4720,534173
4721,512029
4722,683631
4723,527431
4724,532519
4725,430081
4726,532662
4727,499659
4728,614592
4729,555526
4730,582070
4731,577282
4732,508109
4733,567819
4734,578035
4735,583138
4736,685688
4737,538071
4738,547354
4739,607337
4740,514039
4741,514856
4742,532733
4743,529942
4744,533743
4745,529640
4746,552541
4747,537164
4748,554619
4749,590594
4750,527251
4751,574381
4752,560329
4753,753184
4754,593264
4755,521703
4756,534783
4757,534778
4758,415584
4759,565247
4760,549733
4761,675410
4762,549938
4763,584520
4764,138893
4765,620580
4766,584220
4767,532214
4768,454084
4769,533837
4770,555133
4771,103688
4772,537836
4773,671719
4774,513629
4775,668294
4776,676867
4777,547583
4778,552099
4779,715226
4780,676868
4781,546278
4782,591599
4783,533736
4784,543562
4785,549253
4786,639627
4787,616951
4788,539847
4789,539848
4790,539868
4791,539873
4792,555696
4793,536631
4794,689783
4795,540482
4796,534597
4797,567476
4798,534875
4799,520773
4800,698051
4801,567441
4802,550433
4803,596086
4804,563701
4805,527670
4806,535369
4807,533296
4808,587196
4809,542622
4810,570455
4811,564354
4812,546219
4813,540399
4814,571670
4815,567551
4816,576119
4817,693570
4818,528801
4819,668058
4820,527281
4821,559860
4822,516333
4823,575412
4824,526213
4825,737057
4826,534500
4827,537641
4828,569325
4829,553233
4830,411030
4831,534787
4832,602450
4833,534516
4834,526505
4835,533575
4836,526511
4837,523330
4838,542002
4839,541992
4840,540180
4841,562974
4842,595543
4843,652952
4844,527469
4845,529488
4846,551388
4847,543755
4848,501700
4849,538944
4850,580007
4851,517773
4852,535618
4853,534677
4854,560805
4855,518590
4856,530782
4857,544519
4858,571233
4859,365427
4860,536108
4861,571208
4862,529793
4863,535197
4864,567204
4865,548788
4866,540215
4867,537633
4868,705178
4869,523818
4870,587430
4871,537868
4872,631855
4873,564305
4874,602266
4875,750210
4876,566855
4877,560447
4878,535239
4879,536474
4880,566323
4881,552845
4882,51303
4883,514076
4884,580371
4885,528134
4886,568413
4887,532973
4888,609877
4889,729884
4890,573499
4891,525041
4892,558394
4893,624368
4894,554617
4895,537656
4896,541462
4897,523460
4898,245159
4899,523468
4900,546691
4901,533574
4902,541765
4903,536337
4904,553019
4905,516963
4906,492715
4907,535370
4908,504055
4909,541548
4910,568956
4911,62081
4912,519654
4913,612377
4914,549890
4915,550673
4916,545581
4917,640537
4918,579909
4919,546379
4920,539197
4921,532650
4922,621416
4923,552102
4924,557961
4925,614919
4926,549149
4927,541690
4928,616492
4929,646435
4930,550064
4931,535550
4932,515929
4933,587891
4934,667863
4935,696521
4936,531002
4937,578900
4938,536000
4939,532098
4940,540762
4941,550265
4942,542794
4943,552977
4944,527210
4945,756527
4946,619704
4947,538233
4948,621206
4949,540805
4950,556192
4951,531668
4952,538088
4953,548763
4954,475935
4955,627795
4956,479001
4957,638704
4958,590396
4959,717483
4960,536946
4961,537867
4962,537488
4963,615637
4964,752841
4965,538594
4966,533658
4967,537968
4968,536052
4969,535419
4970,568335
4971,628002
4972,515190
4973,560491
4974,589464
4975,576885
4976,548686
4977,562722
4978,539453
4979,691011
4980,539199
4981,620489
4982,519771
4983,538600
4984,561546
4985,81412
4986,273114
4987,371759
4988,626039
4989,117932
4990,527416
4991,555248
4992,79074
4993,547442
4994,487408
4995,563694
4996,524503
4997,567464
4998,501529
4999,248626
5000,524246
5001,674103
5002,543688
5003,542004
5004,663170
5005,538092
5006,610576
5007,537961
5008,544562
5009,559927
5010,543206
5011,541598
5012,560859
5013,543628
5014,551636
5015,557181
5016,443805
5017,563766
5018,676558
5019,591858
5020,538646
5021,562578
5022,591852
5023,516760
5024,687888
5025,527783
5026,138254
5027,622143
5028,557127
5029,542801
5030,607101
5031,645286
5032,701287
5033,546511
5034,598207
5035,676881
5036,540247
5037,599980
5038,587307
5039,488565
5040,530649
5041,586116
5042,561118
5043,615930
5044,696691
5045,536212
5046,586802
5047,517514
5048,538374
5049,463677
5050,668428
5051,527035
5052,619139
5053,688751
5054,540136
5055,687761
5056,688631
5057,559495
5058,539451
5059,663412
5060,544866
5061,480714
5062,447087
5063,539228
5064,536370
5065,652489
5066,540748
5067,534207
5068,537632
5069,539664
5070,555627
5071,566640
5072,642580
5073,585002
5074,570099
5075,515488
5076,523334
5077,596719
5078,695122
5079,541622
5080,597716
5081,537976
5082,531953
5083,540003
5084,598335
5085,41727
5086,518997
5087,532108
5088,549859
5089,429715
5090,544522
5091,678354
5092,306152
5093,582472
5094,541576
5095,553623
5096,114266
5097,550065
5098,539216
5099,527266
5100,616701
5101,589965
5102,743879
5103,109146
5104,545583
5105,538642
5106,540932
5107,568943
5108,741480
5109,549202
5110,608441
5111,540845
5112,560033
5113,589151
5114,549421
5115,242256
5116,708230
5117,699214
5118,658263
5119,551187
5120,664385
5121,546509
5122,721147
5123,510456
5124,588082
5125,546509
5126,738011
5127,554960
5128,557660
5129,658716
5130,536458
5131,553041
5132,551263
5133,692071
5134,550845
5135,529835
5136,548185
5137,531841
5138,593248
5139,537875
5140,542118
5141,533961
5142,542709
5143,592581
5144,539033
5145,541439
5146,654777
5147,543631
5148,650706
5149,548490
5150,503646
5151,531023
5152,554482
5153,156232
5154,635244
5155,541620
5156,539178
5157,544352
5158,544392
5159,591614
5160,572210
5161,545024
5162,620277
5163,551777
5164,514899
5165,530074
5166,532308
5167,539048
5168,655577
5169,541841
5170,567666
5171,644937
5172,637209
5173,542571
5174,564356
5175,543407
5176,545655
5177,544868
5178,542629
5179,97356
5180,576515
5181,541188
5182,487258
5183,583202
5184,538026
5185,577316
5186,542073
5187,557731
5188,542089
5189,540950
5190,628959
5191,541476
5192,541470
5193,549716
5194,541473
5195,666585
5196,546055
5197,544387
5198,542008
5199,545576
5200,499527
5201,582180
5202,576021
5203,716816
5204,584462
5205,573310
5206,540021
5207,586960
5208,563355
5209,521047
5210,591895
5211,535214
5212,498989
5213,661891
5214,736780
5215,553082
5216,557241
5217,566626
5218,741678
5219,750126
5220,542083
5221,551733
5222,532490
5223,641130
5224,553067
5225,542805
5226,604311
5227,368304
5228,81066
5229,719573
5230,543580
5231,315043
5232,552211
5233,651623
5234,566141
5235,543745
5236,676891
5237,591137
5238,503350
5239,685457
5240,566896
5241,519001
5242,675568
5243,533074
5244,549551
5245,464005
5246,604140
5247,669968
5248,544769
5249,541694
5250,538075
5251,523204
5252,691544
5253,580855
5254,684837
5255,579507
5256,528929
5257,545076
5258,537869
5259,547144
5260,539029
5261,91030
5262,551163
5263,645442
5264,549599
5265,422206
5266,483295
5267,560698
5268,538617
5269,552786
5270,699032
5271,541893
5272,546922
5273,516051
5274,539042
5275,567805
5276,537878
5277,539050
5278,538620
5279,552911
5280,544825
5281,653684
5282,583545
5283,518517
5284,582695
5285,445402
5286,697132
5287,559506
5288,552966
5289,553905
5290,539964
5291,561568
5292,549145
5293,545879
5294,746174
5295,546266
5296,566694
5297,534604
5298,532731
5299,525932
5300,545555
5301,545557
5302,500834
5303,545564
5304,545566
5305,545568
5306,545578
5307,545580
5308,471970
5309,605149
5310,523754
5311,550384
5312,545627
5313,545624
5314,546441
5315,559683
5316,591801
5317,522951
5318,534313
5319,545756
5320,492419
5321,538610
5322,525668
5323,557936
5324,546653
5325,542032
5326,584943
5327,177369
5328,676885
5329,540269
5330,538598
5331,575669
5332,688458
5333,683946
5334,627533
5335,627948
5336,741029
5337,531666
5338,425525
5339,510807
5340,705157
5341,559526
5342,545474
5343,623996
5344,539883
5345,620199
5346,750138
5347,538086
5348,545634
5349,548756
5350,551653
5351,547404
5352,547720
5353,572139
5354,529860
5355,541553
5356,568923
5357,586640
5358,39431
5359,548980
5360,603557
5361,557117
5362,548190
5363,552569
5364,522538
5365,551282
5366,564686
5367,548209
5368,604267
5369,278
5370,581811
5371,561043
5372,563655
5373,543084
5374,563654
5375,411515
5376,540108
5377,566311
5378,544279
5379,589427
5380,505771
5381,569926
5382,552388
5383,568342
5384,547648
5385,515921
5386,520020
5387,529185
5388,547991
5389,546216
5390,548079
5391,589264
5392,520470
5393,549544
5394,562873
5395,544371
5396,546766
5397,736567
5398,731032
5399,556982
5400,532099
5401,620286
5402,547851
5403,537575
5404,546235
5405,552857
5406,648738
5407,568718
5408,543699
5409,727603
5410,560439
5411,551605
5412,586714
5413,550957
5414,548298
5415,539962
5416,747717
5417,578546
5418,594273
5419,637273
5420,562403
5421,692542
5422,546289
5423,556255
5424,576408
5425,613281
5426,577424
5427,598695
5428,548064
5429,559082
5430,628590
5431,567454
5432,590237
5433,557751
5434,557775
5435,552307
5436,589029
5437,655201
5438,550819
5439,690537
5440,621559
5441,719648
5442,572764
5443,548789
5444,587060
5445,602185
5446,520574
5447,548157
5448,548572
5449,516072
5450,548022
5451,548054
5452,567791
5453,544063
5454,711641
5455,593705
5456,644426
5457,576555
5458,549023
5459,557263
5460,548247
5461,513300
5462,561318
5463,523940
5464,543411
5465,578377
5466,633681
5467,555245
5468,541436
5469,563151
5470,549174
5471,568334
5472,570698
5473,598436
5474,517360
5475,540870
5476,570525
5477,533202
5478,562835
5479,546943
5480,595702
5481,518829
5482,552072
5483,634934
5484,553580
5485,550242
5486,663320
5487,567459
5488,590359
5489,550046
5490,716164
5491,735226
5492,569930
5493,533415
5494,562021
5495,575240
5496,504129
5497,602862
5498,552345
5499,543446
5500,528848
5501,744911
5502,619624
5503,554113
5504,589153
5505,550240
5506,583660
5507,559513
5508,585209
5509,737236
5510,568995
5511,544664
5512,639080
5513,551300
5514,556261
5515,478499
5516,627590
5517,588516
5518,518996
5519,535734
5520,548634
5521,508394
5522,504457
5523,557465
5524,695465
5525,176039
5526,689382
5527,478668
5528,563683
5529,551508
5530,553751
5531,550877
5532,627768
5533,568819
5534,564551
5535,634232
5536,543820
5537,557161
5538,586134
5539,511648
5540,546547
5541,513358
5542,523199
5543,566348
5544,728115
5545,559867
5546,412749
5547,549028
5548,542669
5549,548350
5550,553094
5551,560719
5552,553117
5553,561945
5554,593398
5555,551433
5556,573715
5557,716378
5558,565011
5559,552917
5560,552180
5561,628894
5562,547743
5563,579023
5564,561652
5565,628735
5566,713640
5567,474279
5568,558568
5569,558445
5570,550510
5571,556690
5572,606219
5573,617050
5574,730596
5575,590603
5576,521269
5577,562758
5578,546929
5579,688770
5580,521660
5581,680138
5582,737828
5583,563150
5584,566478
5585,551016
5586,476294
5587,573205
5588,551803
5589,556451
5590,562682
5591,534546
5592,601191
5593,561289
5594,599397
5595,542969
5596,556865
5597,526131
5598,563504
5599,563140
5600,563589
5601,554565
5602,558682
5603,572322
5604,575295
5605,550315
5606,507411
5607,553161
5608,553095
5609,585843
5610,548633
5611,588631
5612,541240
5613,599134
5614,671737
5615,569809
5616,552125
5617,639591
5618,571576
5619,612855
5620,628807
5621,564713
5622,546085
5623,507569
5624,538235
5625,554358
5626,556523
5627,531764
5628,610040
5629,627453
5630,552876
5631,279121
5632,571289
5633,563774
5634,554152
5635,553077
5636,58770
5637,541839
5638,553238
5639,584185
5640,146853
5641,623374
5642,304175
5643,561278
5644,681808
5645,582801
5646,562708
5647,307849
5648,567290
5649,585626
5650,656703
5651,554167
5652,583748
5653,522320
5654,565218
5655,554739
5656,553774
5657,551946
5658,80826
5659,550085
5660,542248
5661,520927
5662,556605
5663,474050
5664,553917
5665,550819
5666,572983
5667,542094
5668,676863
5669,561109
5670,544147
5671,550719
5672,629583
5673,565688
5674,553795
5675,552381
5676,319038
5677,543239
5678,680225
5679,547914
5680,553797
5681,576368
5682,534704
5683,553616
5684,551025
5685,554984
5686,586572
5687,607280
5688,558912
5689,549314
5690,560882
5691,573443
5692,539363
5693,617185
5694,637907
5695,624395
5696,554502
5697,562900
5698,554522
5699,562690
5700,576163
5701,554302
5702,570118
5703,749009
5704,555530
5705,552707
5706,558617
5707,582339
5708,566242
5709,610035
5710,570632
5711,733300
5712,593797
5713,752381
5714,561869
5715,685037
5716,557132
5717,650093
5718,557646
5719,564056
5720,717652
5721,562280
5722,577067
5723,573307
5724,554071
5725,587024
5726,558454
5727,554036
5728,553307
5729,513327
5730,558345
5731,555252
5732,557182
5733,566742
5734,588139
5735,522391
5736,699092
5737,538229
5738,655344
5739,567957
5740,568159
5741,223694
5742,564073
5743,537901
5744,547699
5745,569006
5746,614318
5747,564758
5748,555590
5749,636049
5750,549648
5751,515598
5752,561570
5753,517423
5754,555460
5755,547912
5756,553724
5757,615675
5758,550836
5759,583796
5760,604077
5761,575926
5762,555752
5763,554335
5764,555643
5765,556835
5766,726484
5767,562789
5768,568521
5769,557055
5770,617938
5771,640667
5772,518095
5773,561184
5774,553920
5775,559018
5776,556134
5777,576843
5778,555140
5779,705472
5780,592661
5781,557366
5782,570039
5783,526234
5784,571417
5785,652330
5786,488403
5787,511383
5788,519508
5789,725200
5790,560587
5791,567296
5792,729950
5793,562618
5794,614577
5795,548898
5796,566304
5797,611830
5798,568722
5799,578975
5800,555479
5801,663550
5802,552618
5803,568963
5804,595755
5805,563250
5806,536669
5807,589959
5808,562340
5809,549762
5810,718979
5811,8944
5812,516633
5813,561556
5814,527465
5815,588151
5816,553915
5817,595598
5818,553921
5819,567320
5820,523873
5821,652951
5822,544091
5823,561894
5824,564994
5825,676874
5826,552077
5827,686656
5828,557988
5829,551176
5830,412546
5831,529772
5832,554350
5833,561576
5834,577558
5835,576807
5836,635802
5837,610170
5838,607302
5839,559946
5840,560779
5841,529869
5842,25388
5843,578665
5844,567137
5845,624466
5846,753085
5847,579986
5848,566642
5849,628766
5850,709735
5851,554731
5852,673158
5853,562549
5854,562786
5855,604877
5856,575498
5857,589138
5858,608569
5859,608590
5860,518770
5861,556695
5862,537060
5863,521433
5864,674670
5865,551642
5866,668404
5867,561406
5868,559380
5869,564443
5870,558675
5871,559947
5872,599613
5873,594396
5874,568389
5875,554229
5876,719162
5877,617195
5878,565122
5879,574158
5880,586119
5881,560272
5882,583934
5883,589509
5884,542625
5885,577153
5886,562199
5887,564636
5888,573256
5889,587786
5890,392173
5891,560047
5892,565277
5893,572759
5894,587725
5895,671822
5896,558234
5897,241454
5898,561270
5899,561407
5900,579905
5901,524300
5902,560716
5903,564144
5904,556212
5905,591837
5906,578782
5907,550080
5908,553296
5909,557817
5910,599359
5911,569950
5912,555615
5913,716672
5914,603363
5915,528162
5916,563101
5917,543658
5918,637899
5919,653396
5920,560246
5921,561845
5922,651831
5923,566939
5924,636489
5925,576300
5926,647850
5927,554205
5928,565428
5929,551647
5930,561837
5931,716822
5932,716820
5933,566389
5934,562464
5935,523210
5936,631256
5937,553945
5938,661135
5939,745077
5940,555609
5941,612235
5942,543103
5943,563703
5944,588543
5945,638709
5946,587287
5947,216926
5948,554690
5949,549336
5950,602191
5951,551027
5952,584068
5953,579018
5954,729596
5955,596845
5956,572931
5957,548631
5958,577148
5959,563712
5960,503748
5961,580413
5962,566959
5963,569768
5964,565255
5965,591123
5966,569911
5967,518412
5968,664869
5969,746786
5970,578982
5971,583504
5972,567016
5973,576721
5974,509731
5975,567048
5976,569718
5977,552311
5978,676884
5979,563441
5980,553674
5981,561273
5982,550522
5983,662784
5984,569804
5985,569898
5986,634064
5987,247544
5988,472309
5989,567097
5990,565903
5991,591896
5992,564444
5993,534566
5994,476401
5995,580416
5996,546594
5997,687882
5998,670153
5999,584626
6000,596244
6001,552624
6002,592711
6003,590634
6004,610439
6005,553791
6006,555814
6007,710705
6008,676870
6009,585592
6010,551679
6011,476047
6012,55058
6013,565156
6014,737792
6015,587813
6016,633556
6017,494667
6018,566508
6019,731331
6020,558469
6021,74097
6022,657892
6023,560734
6024,582641
6025,541566
6026,610254
6027,643931
6028,572502
6029,143970
6030,613376
6031,583506
6032,566097
6033,561995
6034,308091
6035,684664
6036,583546
6037,567037
6038,567920
6039,637146
6040,678954
6041,566578
6042,639665
6043,567339
6044,532344
6045,569505
6046,599947
6047,705798
6048,743091
6049,569607
6050,572531
6051,582536
6052,548256
6053,572293
6054,676866
6055,409398
6056,705756
6057,563916
6058,564094
6059,565907
6060,267284
6061,553676
6062,633881
6063,694015
6064,690565
6065,518488
6066,524296
6067,570637
6068,566801
6069,698517
6070,562233
6071,565278
6072,718865
6073,570648
6074,566970
6075,560137
6076,517183
6077,566253
6078,553411
6079,565551
6080,601449
6081,571432
6082,566163
6083,573540
6084,644560
6085,570027
6086,52416
6087,704023
6088,556018
6089,608199
6090,676893
6091,568047
6092,663123
6093,591364
6094,571548
6095,567666
6096,659404
6097,578600
6098,567837
6099,554915
6100,566302
6101,687965
6102,571635
6103,705564
6104,507808
6105,600033
6106,578949
6107,217565
6108,540062
6109,564304
6110,569833
6111,581557
6112,568685
6113,569122
6114,550104
6115,580239
6116,573617
6117,585792
6118,564625
6119,568300
6120,525326
6121,683512
6122,633439
6123,571346
6124,570437
6125,647789
6126,693056
6127,544367
6128,179001
6129,687700
6130,568137
6131,580610
6132,573253
6133,546870
6134,589789
6135,599606
6136,564432
6137,527766
6138,570097
6139,586424
6140,570587
6141,456715
6142,676816
6143,577723
6144,565908
6145,559341
6146,570627
6147,594690
6148,541057
6149,602836
6150,608843
6151,553610
6152,560287
6153,637965
6154,555874
6155,725465
6156,575622
6157,571563
6158,570731
6159,662159
6160,570759
6161,594916
6162,626124
6163,306224
6164,691026
6165,572181
6166,706735
6167,708129
6168,518673
6169,708062
6170,707985
6171,706703
6172,737170
6173,578840
6174,524171
6175,636645
6176,591105
6177,644034
6178,653538
6179,596755
6180,618667
6181,576233
6182,539662
6183,580307
6184,562268
6185,575513
6186,563833
6187,492051
6188,712520
6189,575597
6190,545682
6191,673510
6192,515579
6193,655244
6194,544486
6195,614399
6196,533964
6197,103198
6198,624598
6199,649974
6200,579023
6201,613491
6202,573004
6203,579960
6204,523319
6205,574866
6206,605040
6207,561637
6208,562908
6209,551236
6210,577680
6211,588084
6212,715918
6213,605526
6214,638918
6215,561265
6216,574853
6217,641620
6218,668404
6219,550390
6220,562109
6221,549465
6222,546772
6223,583742
6224,633500
6225,502785
6226,559763
6227,658392
6228,564059
6229,569986
6230,618541
6231,749595
6232,647354
6233,567550
6234,641795
6235,553227
6236,647742
6237,568805
6238,588935
6239,559849
6240,577312
6241,735144
6242,607142
6243,563043
6244,25667
6245,569914
6246,546593
6247,663681
6248,539678
6249,519990
6250,628991
6251,563539
6252,546527
6253,588346
6254,573867
6255,574032
6256,517159
6257,573007
6258,586481
6259,143878
6260,553009
6261,695324
6262,630000
6263,466361
6264,570706
6265,600458
6266,617359
6267,578264
6268,546930
6269,708306
6270,580387
6271,627263
6272,612863
6273,586589
6274,500279
6275,582286
6276,573847
6277,618667
6278,514885
6279,571616
6280,579991
6281,559353
6282,550106
6283,715142
6284,522835
6285,581646
6286,552221
6287,659307
6288,538734
6289,715886
6290,597282
6291,551086
6292,523455
6293,563934
6294,644769
6295,634093
6296,565429
6297,524222
6298,595953
6299,591036
6300,595011
6301,595262
6302,557606
6303,689954
6304,669126
6305,695557
6306,554028
6307,569927
6308,511623
6309,560473
6310,654893
6311,517341
6312,559515
6313,569866
6314,690219
6315,483100
6316,566946
6317,583874
6318,567906
6319,590506
6320,740926
6321,586482
6322,629742
6323,561688
6324,573143
6325,569417
6326,585497
6327,676681
6328,653625
6329,590088
6330,523427
6331,581915
6332,515369
6333,551184
6334,704848
6335,590311
6336,548001
6337,606139
6338,381071
6339,592245
6340,570107
6341,607723
6342,565968
6343,635143
6344,545184
6345,602993
6346,506026
6347,559347
6348,565488
6349,609706
6350,575922
6351,586547
6352,747238
6353,575654
6354,501205
6355,682934
6356,610089
6357,556183
6358,563109
6359,607719
6360,591613
6361,633390
6362,550914
6363,602702
