,ID,imdb_id,release_date,budget,revenue,genres,original_language,original_title,origin_country,production_countries name,spoken_languages name
5,395458,tt0491175,2017-10-26,25000000,5775178,Thriller,English,Suburbicon,GB,United Kingdom,English
6,257785,tt0491203,2017-07-13,25000000,3425664,Drama,English,Tulip Fever,GB,United Kingdom,English
94,432068,tt5699154,2017-10-04,17200000,23800000,Comedy,Français,Le Sens de la fête,FR,France,Français
229,76,tt0112471,1995-01-27,2500000,5535405,Drama,English,Before Sunrise,AT,Austria,English
231,18736,tt0306841,2003-05-02,17000000,55534455,Family,English,The Lizzie McGuire Movie,US,United States of America,English
284,11674,tt0115433,1996-11-17,54000000,320689294,Comedy,English,101 Dalmatians,GB,United Kingdom,English
297,47971,tt1293847,2017-01-13,85000000,346147658,Action,English,xXx: Return of Xander Cage,CA,Canada,English
325,301337,tt1389072,2017-12-22,68000000,55003890,Comedy,Norsk,Downsizing,US,United States of America,Norsk
326,353569,tt1412528,2017-03-03,5000000,5042014,Comedy,English,Table 19,US,United States of America,English
328,316029,tt1485796,2017-12-20,84000000,432844677,Drama,English,The Greatest Showman,US,United States of America,English
336,391714,tt1667321,2018-01-19,745971,3335913,Drama,English,On Chesil Beach,GB,United Kingdom,English
340,271404,tt1724970,2017-10-20,20000000,992181,Action,English,Beyond Skyline,US,United States of America,English
342,289222,tt1730768,2017-03-31,20000000,26152835,Drama,English,The Zookeeper's Wife,CZ,Czech Republic,English
346,166426,tt1790809,2017-05-23,230000000,794861794,Adventure,English,Pirates of the Caribbean: Dead Men Tell No Tales,US,United States of America,English
363,415842,tt1961175,2017-09-14,33000000,66167951,Action,العربية,American Assassin,HK,Hong Kong,العربية
364,274857,tt1972591,2017-05-10,175000000,148675066,Action,English,King Arthur: Legend of the Sword,US,United States of America,English
365,274855,tt1981128,2017-10-13,120000000,221600160,Action,English,Geostorm,US,United States of America,English
370,268531,tt2091256,2017-06-01,38000000,125289450,Action,English,Captain Underpants: The First Epic Movie,US,United States of America,English
387,290512,tt2226597,2017-10-05,35000000,62832209,Romance,English,The Mountain Between Us,US,United States of America,English
389,339964,tt2239822,2017-07-20,177200000,225874228,Adventure,Français,Valerian and the City of a Thousand Planets,BE,Belgium,Français
394,353486,tt2283362,2017-12-09,90000000,962102237,Action,English,Jumanji: Welcome to the Jungle,US,United States of America,English
398,157827,tt2217859,2015-05-18,11000000,161789,Drama,English,Louder Than Bombs,DK,Denmark,English
414,137116,tt2398241,2017-03-23,60000000,197183546,Adventure,English,Smurfs: The Lost Village,US,United States of America,English
425,181808,tt2527336,2017-12-13,200000000,1332539889,Science Fiction,English,Star Wars: The Last Jedi,US,United States of America,English
441,180863,tt2763304,2017-01-27,18000000,42067430,Crime,български език,T2 Trainspotting,GB,United Kingdom,български език
479,274862,tt3014284,2017-09-21,70000000,123081555,Action,English,The Lego Ninjago Movie,DK,Denmark,English
538,339259,tt3296908,2017-05-25,32679734,4412639,War,Deutsch,The Man with the Iron Heart,BE,Belgium,Deutsch
553,335988,tt3371366,2017-06-16,217000000,605425157,Action,English,Transformers: The Last Knight,CA,Canada,English
573,281338,tt3450958,2017-07-11,150000000,488533726,Drama,English,War for the Planet of the Apes,CA,Canada,English
576,413138,tt3458760,2018-01-16,1,24,Action,Español,The Lucky Man,US,United States of America,Español
584,335777,tt3486626,2017-08-11,40000000,65146020,Family,English,The Nut Job 2: Nutty by Nature,US,United States of America,English
587,284053,tt3501632,2017-10-25,180000000,853977126,Action,English,Thor: Ragnarok,US,United States of America,English
590,371638,tt3521126,2017-03-12,10000000,29820616,Comedy,English,The Disaster Artist,US,United States of America,English
655,293167,tt3731562,2017-03-08,185000000,566652812,Action,English,Kong: Skull Island,US,United States of America,English
714,397852,tt3881026,2017-09-22,1686858,1891907,Fantasy,suomi,Rendel,FI,Finland,suomi
728,452773,tt3896102,2017-03-25,10778400,34156960,Animation,Español,Tadeo Jones 2: El secreto del rey Midas,ES,Spain,Español
731,421480,tt3902120,2017-12-15,1000,40,Comedy,English,The 312,US,United States of America,English
767,292280,tt4030600,2017-01-12,7400000,26667197,Horror,English,The Bye Bye Man,US,United States of America,English
794,335788,tt4106376,2017-08-21,66190000,2602149,Thriller,Deutsch,Renegades,DE,Germany,Deutsch
833,396371,tt4209788,2017-01-01,30000000,59284015,Crime,English,Molly's Game,CA,Canada,English
896,438457,tt4400994,2017-12-15,8000000,7856,Western,English,The Ballad of Lefty Brown,US,United States of America,English
922,341174,tt4465564,2017-02-08,55000000,378827494,Drama,English,Fifty Shades Darker,US,United States of America,English
932,450314,tt4494382,2017-10-12,8000000,8431194,Adventure,Italiano,Condorito: la película,PE,Peru,Italiano
950,426030,tt4538916,2017-12-26,7154497,15500000,Comedy,English,Finding Your Feet,GB,United Kingdom,English
968,382614,tt4572792,2017-06-16,10000000,4596705,Drama,English,The Book of Henry,US,United States of America,English
979,354556,tt4600952,2017-02-14,5400000,4803565,Action,Pусский,Защитники,RU,Russia,Pусский
993,337339,tt4630562,2017-04-12,250000000,1238764765,Action,English,The Fate of the Furious,US,United States of America,English
1003,343668,tt4649466,2017-09-20,104000000,410902662,Action,svenska,Kingsman: The Golden Circle,GB,United Kingdom,svenska
1026,425336,tt4682788,2017-10-12,4667008,17535962,Crime,English,Loving Pablo,BG,Bulgaria,English
1035,434273,tt4693612,2017-04-12,5000000,3358085,Romance,Français,Un profil pour deux,BE,Belgium,Français
1144,441894,tt4906960,2017-09-01,12300000,27000000,Action,हिन्दी,बादशाहो,IN,India,हिन्दी
1159,391713,tt4925292,2017-09-08,10000000,76858273,Drama,English,Lady Bird,US,United States of America,English
1167,433356,tt4943322,2017-03-10,40000000,413844,Romance,English,The Ottoman Lieutenant,TR,Turkey,English
1286,496681,tt5125414,2017-12-22,3082000,7082000,Adventure,বাংলা,আমাজন অভিযান,IN,India,বাংলা
1330,426338,tt5176252,2017-09-29,3144622,2963886,Comedy,Español,La llamada,ES,Spain,Español
1396,432301,tt5270948,2018-04-06,34000000,17904202,Drama,English,Chappaquiddick,SE,Sweden,English
1398,435800,tt5273624,2017-01-28,63300000,731607,Adventure,普通话,西游·伏妖篇,CN,China,普通话
1409,446791,tt5294550,2017-12-21,50000000,56996304,Thriller,English,All the Money in the World,US,United States of America,English
1442,407890,tt5340300,2018-04-06,8000000,2455027,Drama,English,Lean on Pete,GB,United Kingdom,English
1500,399170,tt5439796,2017-08-17,29000000,48453605,Action,English,Logan Lucky,US,United States of America,English
1518,416477,tt5462602,2017-03-30,5000000,56303596,Comedy,English,The Big Sick,US,United States of America,English
1528,455470,tt5472374,2017-05-11,3014770,2437852,Drama,हिन्दी,मेरी प्यारी बिंदु,IN,India,हिन्दी
1531,413884,tt5474042,2017-05-18,7445000,12805400,Drama,Deutsch,Half Girlfriend,IN,India,Deutsch
1582,428495,tt5540188,2017-07-12,4250000,81089,Thriller,العربية,The Nile Hilton Incident,DK,Denmark,العربية
1603,412096,tt5559528,2017-03-10,779000,1550000,Thriller,தமிழ்,மாநகரம்,IN,India,தமிழ்
1621,399055,tt5580390,2017-12-01,19500000,194989655,Drama,English,The Shape of Water,US,United States of America,English
1634,2757,tt0268126,2002-12-06,19000000,32801173,Comedy,English,Adaptation.,US,United States of America,English
1750,416186,tt5687334,2017-06-24,12840746,82264,Drama,Français,Le Redoutable,MM,Myanmar,Français
1782,398174,tt5711148,2017-11-17,10000000,3179847,Romance,English,Film Stars Don't Die in Liverpool,GB,United Kingdom,English
1792,413644,tt5715410,2017-07-26,30000000,46372519,Animation,English,The Son of Bigfoot,BE,Belgium,English
1801,398177,tt5721088,2017-12-01,22000000,6069605,Action,English,Just Getting Started,US,United States of America,English
1805,398818,tt5726616,2017-09-01,4000000,41063475,Romance,Français,Call Me by Your Name,FR,France,Français
1807,397538,tt5727282,2017-09-06,7500000,16657800,Drama,English,Borg vs McEnroe,DK,Denmark,English
1833,538496,tt5752634,2017-04-28,1167,8,Comedy,Español,Lucas Chronicle,ES,Spain,Español
1860,400617,tt5776858,2017-12-25,35000000,47756590,Drama,English,Phantom Thread,US,United States of America,English
1865,450047,tt5780034,2017-07-07,2400000,2000000,Drama,हिन्दी,ടിയാൻ,IN,India,हिन्दी
1871,441875,tt5785170,2017-08-11,3700000,13800000,Comedy,हिन्दी,टॉयलेट: एक प्रेम कथा,IN,India,हिन्दी
1928,429189,tt5825380,2017-12-01,25000000,15366466,Drama,English,Wonder Wheel,US,United States of America,English
1934,434395,tt5832544,2017-01-12,6000000,12000000,History,తెలుగు,గౌతమిపుత్ర శాతకర్ణి,IN,India,తెలుగు
1942,466287,tt5837242,2018-03-23,441755,95589,Drama,Pусский,Как Витька Чеснок вез Леху Штыря в дом инвалидов,RU,Russia,Pусский
1957,453191,tt5851904,2017-06-21,3000000,19030780,Family,Français,Le Grand Méchant Renard et autres contes...,BE,Belgium,Français
2007,399366,tt5886440,2017-10-27,8000000,11165901,Drama,English,Marrowbone,ES,Spain,English
2063,439601,tt5925772,2017-05-05,1400000,3900000,Action,English,CIA: Comrade In America,IN,India,English
2099,441909,tt5956100,2017-12-18,15000000,87320000,Action,हिन्दी,टाइगर ज़िंदा है,IN,India,हिन्दी
2168,428658,tt5996836,2017-03-30,9400000,9600000,Action,,ദി ഗ്രേറ്റ്‌ ഫാദര്‍,IN,India,
2172,413362,tt6000478,2017-11-17,22000000,11942780,Drama,English,"Roman J. Israel, Esq.",US,United States of America,English
2174,417830,tt6003368,2017-05-19,22000000,40120144,Comedy,English,Diary of a Wimpy Kid: The Long Haul,US,United States of America,English
2253,458737,tt6053438,2018-05-18,3500000,2525738,Drama,English,First Reformed,US,United States of America,English
2344,422892,tt6097918,2017-01-20,1300000,6300000,Comedy,,മുന്തിരിവള്ളികള്‍ തളിര്‍ക്കുമ്പോള്‍,IN,India,
2377,441889,tt6108090,2017-10-19,286284,137416709,Drama,हिन्दी,सीक्रेट सुपरस्टार,IN,India,हिन्दी
2409,451945,tt6135348,2017-08-23,6600000,7632420,Drama,Français,120 battements par minute,FR,France,Français
2427,456048,tt6143568,2017-07-11,6000000,17544173,Action,English,The Humanity Bureau,US,United States of America,English
2469,442000,tt6167894,2017-03-03,610000,3100000,Action,,അങ്കമാലി ഡയറീസ്,IN,India,
2471,450045,tt6168002,2017-04-14,780000,2200000,Drama,,സഖാവ്,IN,India,
2502,442622,tt6188518,2017-04-01,850000,1500000,Comedy,,​ജോർജ്ജേട്ടൻസ്‌ പൂരം,IN,India,
2512,398947,tt6194538,2017-09-27,9850941,3503943,Comedy,Français,Le petit Spirou,BE,Belgium,Français
2541,439000,tt6207956,2017-02-03,10000,10000,Drama,فارسی,سد معبر,IR,Iran,فارسی
2548,440913,tt6211480,2017-02-02,100000,1500000,Family,فارسی,زیر سقف دودی,IR,Iran,فارسی
2557,486731,tt6213850,2017-06-14,10000,10000,Drama,فارسی,تابستان داغ,IR,Iran,فارسی
2570,440916,tt6217672,2017-08-02,1000000,10000,Drama,فارسی,بیست و یک روز بعد,IR,Iran,فارسی
2572,459202,tt6217804,2017-10-20,25000000,48333932,Horror,English,Boo 2! A Madea Halloween,US,United States of America,English
2610,462522,tt6231840,2017-07-07,150000,20000, ,,അയാള്‍ ശശി, , , 
2621,440454,tt6237548,2017-01-26,9,15,Comedy,తెలుగు,Luckunnodu,IN,India,తెలుగు
2627,439613,tt6244876,2017-03-23,690000,640000,Adventure,,Honey Bee 2: Celebrations,IN,India,
2632,457616,tt6247708,2017-05-19,620000,1800000,Thriller,,അച്ചായന്‍സ്,IN,India,
2639,435029,tt6256468,2017-01-13,700000,2100000,Comedy,ਪੰਜਾਬੀ,ਸਰਵਣ,IN,India,ਪੰਜਾਬੀ
2660,14394,tt0490210,2008-06-06,820000,8130000,Action,हिन्दी,सर्कार राज,IN,India,हिन्दी
2697,445954,tt6288694,2017-10-27,10000000,320705,Thriller,English,Acts of Vengeance,US,United States of America,English
2745,432602,tt6322922,2017-07-28,1000000,5398976,Documentary,English,An Inconvenient Sequel: Truth to Power,US,United States of America,English
2749,437962,tt6327400,2017-01-26,2650000,1500000,Romance,普通话,52赫茲我愛你,TW,Taiwan,普通话
2819,431530,tt6359956,2017-08-04,28000000,130560428,Comedy,English,A Bad Moms Christmas,US,United States of America,English
2828,428741,tt6363436,2017-04-07,2400000,1100000,Drama,हिन्दी,1971: Beyond Borders,IN,India,हिन्दी
2832,451955,tt6367558,2017-05-26,7110000,4248574,Romance,Français,L'Amant Double,BE,Belgium,Français
2896,434126,tt6399490,2017-02-10,1800000,7494,Drama,,Armaan: Story of a Storyteller,IN,India,
2928,76025,tt1723811,2011-10-02,6500000,3909002,Drama,English,Shame,CA,Canada,English
2943,435410,tt6417204,2017-01-14,1200000,8100000,Drama,తెలుగు,శతమానం భవతి,IN,India,తెలుగు
2960,452416,tt6426832,2017-04-12,930000,1400000,Action,?????,പുത്തൻപണം,IN,India,?????
3056,436288,tt6481002,2017-01-31,1000000,15000000, ,English,Tyler Perry's Madea on the Run - The Play, , , 
3087,437103,tt6493286,2017-12-27,12308000,49380115,Drama,한국어/조선말,1987,KR,South Korea,한국어/조선말
3126,515172,tt6513084,,100000,250000, , , , , , 
3182,438740,tt6537238,2017-09-22,15000000,13767037,Action,Pусский,Салют-7,RU,Russia,Pусский
3264,443319,tt6574272,2017-04-21,2800000,3600000,Horror,English,Phoenix Forgotten,US,United States of America,English
3269,453979,tt6576288,2017-04-21,550000,2000000,Comedy,,രക്ഷാധികാരി ബൈജു (ഒപ്പ്),IN,India,
3307,20697,tt0217756,2000-04-07,24000000,12372410,Action,English,Ready to Rumble,US,United States of America,English
3445,466501,tt6649794,2017-07-14,625000,2200000,Comedy,,സൺഡേ ഹോളിഡേ,IN,India,
3481,440642,tt6673840,2017-04-09,7075038,9868942,Adventure,Pусский,Время первых,RU,Russia,Pусский
3498,458504,tt6680752,2017-06-24,620000,940000,Drama,,ഒരു സിനിമാക്കാരന്‍,IN,India,
3570,461809,tt6711660,2017-08-25,1400000,2500000,Action,हिन्दी,बाबूमोशाय बन्दूकबाज़,IN,India,हिन्दी
3588,521753,tt6721132,2017-05-07,125000,78000,Documentary,English,Caffè Sospeso,AR,Argentina,English
3695,620788,tt6774196,,4000,7800,Crime,English,Rightways Down,US,United States of America,English
3704,437109,tt6777338,2017-06-08,125000,8737458,Drama,한국어/조선말,악녀,KR,South Korea,한국어/조선말
3908,441189,tt6857332,2017-01-18,1000000,2775228,Animation,한국어/조선말,터닝메카드W: 블랙미러의 부활,KR,South Korea,한국어/조선말
4067,348133,tt2664108,2014-06-26,600000,25574,Drama,Pусский,Да и да,RU,Russia,Pусский
4071,9373,tt0324216,2003-05-21,9500000,107071655,Horror,English,The Texas Chainsaw Massacre,US,United States of America,English
4136,467106,tt6967980,2017-08-17,2740700,8050806,Romance,हिन्दी,बरेली की बर्फी,IN,India,हिन्दी
4143,471892,tt6971752,2017-08-31,3425875,8838757, ,हिन्दी,शुभ मंगल सावधान, , , 
4154,556179,tt6975046,2017-05-19,4,2,Romance,বাংলা,Ami Je Ke Tomar,IN,India,বাংলা
4205,508466,tt6997426,2017-10-31,170000,22834,Documentary,English,Desenterrando Sad Hill,ES,Spain,English
4318,463238,tt7063130,2017-07-13,280000,1200000,Comedy,اردو,Mehrunisa V Lub U,PK,Pakistan,اردو
4360,460035,tt7085164,2017-11-07,1000000,173187,Drama,Pусский,Карп отмороженный,RU,Russia,Pусский
4535,397567,tt7160070,2017-12-14,18300000,125983972,Drama,한국어/조선말,신과함께-죄와 벌,KR,South Korea,한국어/조선말
4703,744289,tt7240130,2017-10-11,1250000,35423, ,English,PGS - Intuition is your Personal Guidance System, , , 
4791,672070,tt7278838,2017-08-14,2000,2000, , , , , , 
4911,857,tt0120815,1998-07-24,70000000,481840909,Drama,Český,Saving Private Ryan,US,United States of America,Český
5146,244941,tt1582637,2010-03-31,4600000,4100000, ,తెలుగు,వరుడు, , , 
5152,69416,,2003-03-03,500000,500000,Drama,தமிழ்,என்னை தாலாட்ட வருவாளா,IN,India,தமிழ்
5211,608440,tt7494122,2017-07-28,20,753, , , , , , 
5603,417859,tt0448694,2011-10-28,130000000,554987477,Action,Español,Puss in Boots,US,United States of America,Español
5704,33273,tt1242422,2009-11-06,5700000,19300483,Action,English,Celda 211,FR,France,English
5726,495120,tt7791106,2017-09-08,250000,225000, ,বাংলা,Shob Bhooturey, , , 
5857,180,tt0181689,2002-06-20,102000000,358372926,Action,English,Minority Report,US,United States of America,English
5868,528328,tt7938472,2017-12-28,12000,24000, , , , , , 
5928,598852,tt8000450,2017-10-15,7665,134444,Action,日本語,Oz Academy,JP,Japan,日本語
6091,431549,tt8333222,2017-02-06,160000,440000,Drama,Español,Reina Sin Corona,DO,Dominican Republic,Español
6169,462907,tt8532152,2017-02-02,15454,45150,Adventure,Español,Cebiche de Tiburón,PE,Peru,Español
6234,516979,tt8166164,2018-03-20,10000,10000,Comedy,فارسی,لونه زنبور,IR,Iran,فارسی
