,ID,imdb_id,release_date,budget,revenue,genres,original_language,original_title,origin_country,production_countries name,spoken_languages name
9,318850,tt1002563,2016-03-10,18500000,6490401,Drama,English,The Young Messiah,US,United States of America,English
61,9493,tt0096320,1988-12-09,15000000,216614388,Comedy,English,Twins,US,United States of America,English
69,341006,tt1082807,2016-03-17,5000000,10166820,Action,English,The Belko Experiment,CO,Colombia,English
71,202769,tt1911661,2010-09-16,150000,10000,Documentary,Italiano,Vedozero,IT,Italy,Italiano
103,316152,tt1124037,2016-06-24,50000000,25035950,Action,English,Free State of Jones,US,United States of America,English
140,333371,tt1179933,2016-03-10,15000000,108286421,Thriller,English,10 Cloverfield Lane,US,United States of America,English
191,259694,tt1292566,2016-01-21,38000000,112343513,Comedy,English,How to Be Single,US,United States of America,English
219,58431,tt1374989,2016-02-04,28000000,16374328,Romance,English,Pride and Prejudice and Zombies,US,United States of America,English
223,95610,tt1473832,2016-09-14,35000000,211952420,Comedy,English,Bridget Jones's Baby,FR,France,English
226,302699,tt1489889,2016-06-15,50000000,216972543,Action,English,Central Intelligence,US,United States of America,English
232,332979,tt1620935,2016-11-04,6000000,6174491,Drama,English,Bleed for This,US,United States of America,English
234,47933,tt1628841,2016-06-22,165000000,389681935,Action,English,Independence Day: Resurgence,US,United States of America,English
239,340101,tt1661275,2017-04-06,11795877,3603484,Romance,English,Their Finest,GB,United Kingdom,English
242,223702,tt1700841,2016-07-11,19000000,140705322,Adventure,English,Sausage Party,CA,Canada,English
243,384682,tt1711525,2016-11-25,45000000,114501299,Comedy,English,Office Christmas Party,US,United States of America,English
255,291870,tt1860213,2016-01-21,11500000,94073028,Comedy,English,Dirty Grandpa,US,United States of America,English
256,376660,tt1878870,2016-11-18,9000000,18803648,Comedy,English,The Edge of Seventeen,US,United States of America,English
263,283366,tt1935859,2016-09-28,110000000,296482446,Drama,English,Miss Peregrine's Home for Peculiar Children,BE,Belgium,English
268,301365,tt1974419,2016-06-08,7000000,3377430,Thriller,English,The Neon Demon,DK,Denmark,English
269,291328,tt1974420,2016-11-23,25000000,3885342,Romance,English,Rules Don't Apply,US,United States of America,English
278,340945,tt2032572,2016-09-22,40000000,2158568,Action,English,USS Indianapolis: Men of Courage,US,United States of America,English
304,270774,tt2238032,2016-07-21,32000000,58500000,Action,English,Skiptrace,CN,China,English
305,303858,tt2241351,2016-05-12,27000000,93282604,Thriller,English,Money Monster,US,United States of America,English
322,299687,tt2304933,2016-01-14,38000000,109906372,Adventure,English,The 5th Wave,US,United States of America,English
325,393559,tt2321405,2016-10-12,8000000,5873256,Animation,Français,Ma vie de courgette,FR,France,Français
339,290595,tt2381991,2016-04-06,115000000,164989338,Action,English,The Huntsman: Winter's War,US,United States of America,English
342,368942,tt2392830,2016-10-07,8138338,1864266,Drama,English,A Quiet Passion,BE,Belgium,English
351,205584,tt2404233,2016-02-25,140000000,150680864,Action,English,Gods of Egypt,AU,Australia,English
366,293767,tt2513074,2016-11-10,40000000,30930984,Drama,English,Billy Lynn's Long Halftime Walk,CN,China,English
381,283552,tt2547584,2016-09-02,20000000,25975621,Drama,English,The Light Between Oceans,AU,Australia,English
386,173897,tt2592614,2016-12-23,40000000,312242626,Action,English,Resident Evil: The Final Chapter,FR,France,English
405,296096,tt2674426,2016-06-01,20000000,207945075,Drama,English,Me Before You,US,United States of America,English
430,316023,tt2823054,2016-06-15,33000000,77068246,Comedy,English,Mike and Dave Need Wedding Dates,US,United States of America,English
456,209112,tt2975590,2016-03-23,250000000,873634919,Action,English,Batman v Superman: Dawn of Justice,US,United States of America,English
458,257440,tt2978102,2016-04-29,16500000,21256,Thriller,English,Term Life,US,United States of America,English
459,270010,tt2980210,2016-04-22,30000000,4212494,Comedy,العربية,A Hologram for the King,MX,Mexico,العربية
485,597185,tt3067166,2016-06-18,200000,2500000, , , , , , 
517,299641,tt3135556,2016-03-13,2500000,230069,Comedy,English,Jimmy Vestvood: Amerikan Hero,US,United States of America,English
583,316727,tt4094724,2016-06-29,10000000,118587880,Action,English,The Purge: Election Year,FR,France,English
592,267860,tt3300542,2016-03-02,60000000,205754447,Action,English,London Has Fallen,BG,Bulgaria,English
626,267193,tt3381008,2016-02-24,35000000,27979040,Action,English,Grimsby,AU,Australia,English
630,343611,tt3393786,2016-10-19,60000000,162146076,Action,English,Jack Reacher: Never Go Back,CN,China,English
647,278154,tt3416828,2016-06-23,105000000,408579038,Adventure,English,Ice Age: Collision Course,US,United States of America,English
669,9909,tt0112792,1995-08-11,23000000,179519401,Thriller,English,Dangerous Minds,US,United States of America,English
706,278924,tt3522806,2016-08-25,40000000,125729635,Action,български език,Mechanic: Resurrection,FR,France,български език
707,725083,tt3523996,2016-12-02,750000,2000000, , , , , , 
720,279641,tt3553442,2016-03-04,35000000,23083334,Comedy,English,Whiskey Tango Foxtrot,US,United States of America,English
724,495429,tt3563080,2016-12-16,543000,181000,Action,اردو,Saya e Khuda e Zuljalal,PK,Pakistan,اردو
747,404378,tt3606888,2016-11-04,8000000,82703,Drama,English,A Street Cat Named Bob,GB,United Kingdom,English
756,326423,tt3628584,2016-04-15,20000000,55030051,Comedy,English,Barbershop: The Next Cut,US,United States of America,English
762,309886,tt3647498,2016-08-11,13000000,6903033,Action,English,Blood Father,FR,France,English
813,325346,tt3714720,2016-08-25,3800000,1016985,Comedy,English,The Hollars,US,United States of America,English
815,346672,tt3717252,2016-11-24,35000000,81093313,Action,English,Underworld: Blood Wars,US,United States of America,English
867,376453,tt3776826,2016-07-29,1250000,55000,Thriller,English,Operation Avalanche,US,United States of America,English
874,376166,tt3794028,2016-10-19,10300000,47748,Drama,Deutsch,Mal de pierres,CA,Canada,Deutsch
905,318226,tt3850544,2016-09-16,10000000,2600000, , , , , , 
909,402672,tt3859980,2016-08-11,17000000,16000000,Adventure,हिन्दी,मोहेंजो डरो,IN,India,हिन्दी
954,308531,tt3949660,2016-06-01,135000000,245623848,Action,English,Teenage Mutant Ninja Turtles: Out of the Shadows,US,United States of America,English
1005,334541,tt4034228,2016-11-18,9000000,78988148,Drama,English,Manchester by the Sea,US,United States of America,English
1006,347031,tt4034354,2016-06-24,3000000,4210454,Comedy,English,Swiss Army Man,US,United States of America,English
1014,332567,tt4052882,2016-06-24,17000000,119100758,Horror,English,The Shallows,AU,Australia,English
1050,348668,tt4088268,2016-03-03,5210000,5900000,Crime,Dansk,Flaskepost fra P,DK,Denmark,Dansk
1054,316727,tt4094724,2016-06-29,10000000,118587880,Action,English,The Purge: Election Year,FR,France,English
1163,508592,tt4232188,2016-11-11,25000,5000,Horror,Français,Kropemann,LU,Luxembourg,Français
1175,339984,tt4257926,2016-03-17,16000000,73983359,Drama,English,Miracles from Heaven,US,United States of America,English
1176,310888,tt4258698,2016-08-26,1500000,6512004,Romance,English,Southside with You,US,United States of America,English
1179,382717,tt4262516,2016-02-12,3056472,4472886,Drama,हिन्दी,Sanam Re,IN,India,हिन्दी
1180,315011,tt4262980,2016-07-29,15000000,77947607,Action,Italiano,シン・ゴジラ,JP,Japan,Italiano
1209,313297,tt4302938,2016-08-18,60000000,69929545,Animation,English,Kubo and the Two Strings,US,United States of America,English
1232,316154,tt4334266,2017-06-23,6000000,180851,Drama,English,The Bad Batch,US,United States of America,English
1238,317557,tt4341582,2016-09-23,15000000,10367161,Drama,English,Queen of Katwe,US,United States of America,English
1243,396616,tt4353996,2016-09-29,7500000,9100000,Action,Dansk,Kongens nei,NO,Norway,Dansk
1249,335796,tt4361050,2016-10-20,9000000,81705746,Horror,English,Ouija: Origin of Evil,US,United States of America,English
1272,342737,tt4385888,2016-12-28,7000000,5664764,Drama,English,20th Century Women,US,United States of America,English
1305,375867,tt4429194,2016-09-12,5000000,6700000,Romance,English,Paris Can Wait,US,United States of America,English
1312,398535,tt4434004,2016-06-17,5980000,14900000,Action,हिन्दी,उड़ता पंजाब,IN,India,हिन्दी
1314,325133,tt4438848,2016-05-04,35000000,108758521,Comedy,English,Neighbors 2: Sorority Rising,US,United States of America,English
1337,340487,tt4468634,2016-09-25,2000000,1215691,Drama,English,Certain Women,US,United States of America,English
1340,375108,tt4471388,2016-01-07,2570000,4026795,Action,Pусский,Мафия: Игра на выживание,RU,Russia,Pусский
1348,345923,tt4486986,2016-09-14,30000000,646946,Mystery,English,All I See Is You,US,United States of America,English
1358,356305,tt4501244,2016-12-22,38000000,118034273,Comedy,English,Why Him?,US,United States of America,English
1398,376290,tt4540710,2016-11-25,13000000,9101546,Drama,English,Miss Sloane,FR,France,English
1410,340666,tt4550098,2016-11-04,22500000,29252978,Drama,English,Nocturnal Animals,US,United States of America,English
1512,395452,tt4643432,2016-06-15,3500000,1492523,Drama,English,Dans les forêts de Sibérie,FR,France,English
1519,384737,tt4651410,2016-07-15,10500000,100659,Action,English,Precious Cargo,CA,Canada,English
1536,351819,tt4667094,2016-01-28,20000000,21164799,Romance,English,Fifty Shades of Black,US,United States of America,English
1559,345920,tt4682786,2016-12-06,36000000,88528280,Drama,English,Collateral Beauty,US,United States of America,English
1570,377447,tt4687848,2016-12-23,50000000,102205175,Action,日本語,鐵道飛虎,CN,China,日本語
1578,371645,tt4698684,2016-03-31,2500000,23200000,Adventure,English,Hunt for the Wilderpeople,NZ,New Zealand,English
1595,340676,tt4714782,2016-10-19,6000000,1305195,Drama,svenska,Personal Shopper,BE,Belgium,svenska
1607,371865,tt4726636,2016-05-13,8104734,920719,Comedy,Français,Ma Loute,BE,Belgium,Français
1611,429458,tt4730838,2016-12-25,4873880,5296102,Music,Norsk,Dyrene i Hakkebakkeskogen,NL,Netherlands,Norsk
1612,340837,tt4731136,2017-02-15,40000000,26559557,Horror,English,A Cure for Wellness,DE,Germany,English
1640,411638,tt4771896,2016-09-09,1200000,1813729,Thriller,Español,Tarde para la ira,ES,Spain,Español
1729,381284,tt4846340,2016-12-10,25000000,230698791,Drama,English,Hidden Figures,US,United States of America,English
1737,382322,tt4853102,2016-07-24,3500000,3775000,Action,English,Batman: The Killing Joke,US,United States of America,English
1741,411088,tt4857264,2016-09-22,4000000,30000000,Mystery,Español,Contratiempo,ES,Spain,Español
1804,363579,tt4914580,2016-09-07,9620000,53165427,Action,English,밀정,KR,South Korea,English
1842,407887,tt4939066,2016-07-27,12700000,49196532,History,English,인천상륙작전,KR,South Korea,English
1847,394684,tt4944596,2016-10-28,4000000,1598584,Thriller,Español,Que Dios nos perdone,ES,Spain,Español
1859,409502,tt4950110,2016-10-21,1500000,2000000,Drama,English,I'm Not Ashamed,US,United States of America,English
1899,369883,tt4981636,2016-10-07,8500000,23316139,Family,English,Middle School: The Worst Years of My Life,US,United States of America,English
1941,699,tt0082398,1981-06-23,28000000,195312802,Adventure,ελληνικά,For Your Eyes Only,GB,United Kingdom,ελληνικά
2022,659960,tt5069022,2017-04-07,2000,20000,Romance,English,I’m Trying To Impress You,US,United States of America,English
2032,366080,tt5071886,2016-07-22,18700000,74000000,Action,தமிழ்,கபாலி,IN,India,தமிழ்
2041,395762,tt5077538,2016-12-28,7230000,1453270,Comedy,Français,Père Fils Thérapie !,CA,Canada,Français
2062,392142,tt5091538,2016-11-01,12156348,7900000,War,Français,La Folle Histoire de Max et Léon,BE,Belgium,Français
2073,383807,tt5096536,2016-11-01,10000000,3176,Drama,Deutsch,Réparer les vivants,BE,Belgium,Deutsch
2094,399624,tt5108476,2016-12-09,15500000,9600000,Romance,हिन्दी,बेफिक्रे,IN,India,हिन्दी
2117,421568,tt5119678,,10,11, ,English,Blood on the Leaves, , , 
2121,360365,tt5122374,2016-05-04,19201483,17000172,Comedy,Español,Tini: El gran cambio de Violetta,AR,Argentina,Español
2188,535175,tt5141848,2016-07-11,10000,10000,Action,فارسی,هاری,IR,Iran,فارسی
2189,412741,tt5142216,2016-10-26,1200,4300, , , , , , 
2280,392344,tt5197544,2016-09-09,7400000,9100000,Action,हिन्दी,बार बार देखो,IN,India,हिन्दी
2283,383218,tt5198844,2016-02-18,1500000,2500000, ,Pусский,Чемпионы: Быстрее. Выше. Сильнее, , , 
2478,376869,tt5286444,2016-02-19,2900000,17618280,Drama,हिन्दी,नीरजा,IN,India,हिन्दी
2485,374416,tt5290524,2016-01-01,11089000,75173000,Comedy,Italiano,Quo vado?,IT,Italy,Italiano
2495,421333,tt5297140,2016-11-11,520000,1500000,Romance,اردو,لاہور سے آگے,PK,Pakistan,اردو
2496,353501,tt5297256,2016-10-07,3800000,29000000,Action,,പുലിമുരുഗന്‍,IN,India,
2519,357706,tt5310090,2016-01-28,300000,2100000,Action,हिन्दी,இறுதிச்சுற்று,IN,India,हिन्दी
2542,381374,tt5320514,2016-02-04,300000,2500000,Action,,ആക്ഷൻ ഹീറോ ബിജു,IN,India,
2587,416239,tt5333612,2016-09-08,1600000,4800000,Comedy,اردو,ایکٹر ان لاء,PK,Pakistan,اردو
2608,378777,tt5340522,2016-01-15,3000000,10000000,Drama,తెలుగు,సోగ్గాడే చిన్నినాయనా,IN,India,తెలుగు
2726,377621,tt5423310,2016-01-28,1230920,3569670,Drama,Bahasa melayu,Ola Bola,MY,Malaysia,Bahasa melayu
2742,372519,tt5431016,2016-01-28,39307171,37070177,Drama,Português,Os Dez Mandamentos: O Filme,BR,Brazil,Português
2781,387845,tt5447140,2016-03-03,500,500,Mystery,한국어/조선말,무수단,KR,South Korea,한국어/조선말
2821,371363,tt5457722,2016-05-20,11000000,10000000,Family,తెలుగు,బ్రహ్మోత్సవం,IN,India,తెలుగు
2822,374954,tt5457772,2016-04-08,7503564,19059053,Action,తెలుగు,సరైనోడు,IN,India,తెలుగు
2825,410386,tt5458364,2016-05-27,300000,300000,Comedy,,ഒരു മുറൈ വന്ത് പാര്‍ത്തായ,IN,India,
2921,441325,tt5492684,2016-03-01,10000,2000, , , , , , 
2976,9488,tt0287717,2002-08-07,38000000,119723358,Action,English,Spy Kids 2: The Island of Lost Dreams,US,United States of America,English
3022,379284,tt5529392,2016-02-11,6000000,11600000,Comedy,Português,Um Suburbano Sortudo,BR,Brazil,Português
3095,404665,tt5548032,2016-09-08,1000000,10000000,Thriller,,ഒപ്പം,IN,India,
3255,26916,tt0243415,2000-10-31,600000,173599, ,English,Mercy Streets, , , 
3391,391995,tt5646136,2016-07-15,5000000,13000000,History,English,Hillary's America: The Secret History of the Democratic Party,US,United States of America,English
3442,393562,tt5662932,2016-06-24,521873,1013926,Thriller,हिन्दी,रमन राघव २.०,IN,India,हिन्दी
3459,22597,tt0222850,2000-02-01,1000000,1744858,Comedy,English,The Broken Hearts Club: A Romantic Comedy,US,United States of America,English
3464,608435,tt5671248,2017-05-19,1,25, , , , , , 
3641,382597,tt5736696,2016-12-19,35112500,36360000,Action,Français,RAID Dingue,FR,France,Français
3829,411019,tt5804038,2017-02-03,1000000,7123919,Documentary,English,I Am Not Your Negro,BE,Belgium,English
3903,393841,tt5824826,2016-07-29,200000,5500000,Romance,తెలుగు,పెళ్ళిచూపులు,IN,India,తెలుగు
3976,410845,tt5855378,2016-07-30,165000,2350000,Documentary,English,Billy Yeager The Ineffable Enigma,US,United States of America,English
4074,428868,tt5893524,2016-11-24,1500000,650000, ,English,Lulu the Movie, , , 
4209,408309,,,1000,1000, ,বাংলা,Streer Potro,IN,India,বাংলা
4226,413543,tt5946128,2016-11-23,4300000,3376375,Drama,हिन्दी,Dear Zindagi,IN,India,हिन्दी
4244,410572,tt5953594,2016-08-12,4200000,6900000,Action,தமிழ்,బాబు బంగారం,IN,India,தமிழ்
4349,422603,tt5998104,2016-10-21,450000,2300000,Adventure,English,ആനന്ദം,IN,India,English
4403,10644,tt0096332,1988-02-05,17000000,10006806,Comedy,English,The Unbearable Lightness of Being,US,United States of America,English
4454,415214,tt6044910,2016-09-30,30200000,173000000,Action,,湄公河行動,HK,Hong Kong,
4476,433327,tt6054758,2016-12-30,562680,7033500,Comedy,?????,ಕಿರಿಕ್ ಪಾರ್ಟಿ,IN,India,?????
4641,500451,tt6118820,2016-09-29,30000,200000, ,Português,1976: O Ano da Invasão Corinthiana, , , 
4816,418378,tt6186430,2016-12-25,300000,4160000,Comedy,,Die Beautiful,PH,Philippines,
4869,471275,tt6211418,2016-08-17,80000,80000,Drama,فارسی,هفت ماهگی,IR,Iran,فارسی
4943,36670,tt0086006,1983-10-07,36000000,160000000,Adventure,English,Never Say Never Again,DE,Germany,English
4961,608436,tt6248178,2016-11-18,500,20,Comedy,Türkçe,Adam Mısın!,TR,Turkey,Türkçe
5048,3902,tt0368794,2007-10-01,20000000,4001121,Drama,English,I'm Not There,US,United States of America,English
5072,399171,tt6286666,2016-12-01,1500000,6900000,Thriller,தமிழ்,சைத்தான்,IN,India,தமிழ்
5097,429450,tt6302160,2016-12-07,13938145,30169000,Thriller,한국어/조선말,판도라,KR,South Korea,한국어/조선말
5263,444620, , , , , , , , , , 
5268,12526,tt0470705,2007-02-21,4000000,8095658,Drama,English,Bug,DE,Germany,English
5279,264419,tt4643580,2015-09-04,5300000,9080818,Animation,Español,Un gallo con muchos huevos,MX,Mexico,Español
5407,437048,,2016-11-10,500000,119836,Comedy,Pусский,Взломать блогеров,RU,Russia,Pусский
5434,475631,tt6487540,2016-10-30,150000,500000,Family,English,Sarigama,LK,Sri Lanka,English
5566,13515,tt0790686,2008-08-15,35000000,72436439,Horror,English,Mirrors,RO,Romania,English
5671,857,tt0120815,1998-07-24,70000000,481840909,Drama,Český,Saving Private Ryan,US,United States of America,Český
5688,646886,tt7232940,2016-12-01,638,638, , , , , , 
5701,547630,tt7286250,2016-11-16,250000,400000, ,العربية,منطقة محظورة - قصر البارون, , , 
5810,670446,tt7880648,,50000,260000, ,English,Da Rap Game, , , 
5827,586055,tt7960962,2016-10-11,50000,50000,Documentary,Español,Las llaves de la memoria,ES,Spain,Español
5890,413884,tt5474042,2017-05-18,7445000,12805400,Drama,Deutsch,Half Girlfriend,IN,India,Deutsch
